id,prob_VF,pred_label,true_label,confidence
sp|P26683|SIGA_NOSS1,0.2935941398143768,0,0,0.41281172037124636
VFG007156,0.9931011915206909,1,1,0.9862023830413817
VFG007971,0.9339615821838378,1,1,0.8679231643676757
VFG042011,0.9458904504776001,1,1,0.8917809009552002
VFG010431,0.9973593115806579,1,1,0.9947186231613159
VFG041305,0.9975158452987671,1,1,0.9950316905975343
gi|15610113|ref|NP_217492.1|,0.2577559888362885,0,1,0.48448802232742305
VFG042877,0.9904016375541687,1,1,0.9808032751083373
sp|Q6NCE6|RL32_RHOPA,0.043251588195562365,0,0,0.9134968236088753
sp|E9RGS4|SECF_VIBAL,0.20219166278839112,0,0,0.5956166744232178
sp|O87943|BSSA_THAAR,0.052306166291236876,0,0,0.8953876674175263
sp|Q5SHP2|RS19_THET8,0.009705467754974962,0,0,0.9805890644900501
sp|P40011|RRAAH_YEAST,0.007749477447941899,0,0,0.9845010451041162
sp|P25377|ADH7_YEAST,0.0234757574275136,0,0,0.9530484851449728
VFG006137,1.0,1,1,1.0
VFG015305,0.8059617519378662,1,1,0.6119235038757325
VFG007424,0.9924315452575684,1,1,0.9848630905151368
sp|A0A2I1BSW8|NVFC_ASPN1,0.08089478015899658,0,0,0.8382104396820068
sp|P25971|PYRF_BACSU,0.05183420367538929,0,0,0.8963315926492215
VFG012131,0.9914186954498291,1,1,0.9828373908996582
sp|P34240|ZRT3_YEAST,0.09090197458863258,0,0,0.8181960508227348
VFG048926,0.9959285378456115,1,1,0.9918570756912231
sp|O34678|YTBE_BACSU,0.025876248069107533,0,0,0.9482475038617849
VFG016637,0.9904016375541687,1,1,0.9808032751083373
VFG008998,0.9445449829101562,1,1,0.8890899658203124
VFG052000,0.9985259413719177,1,1,0.9970518827438355
gi|448824772|ref|NP_216564.2|,0.9344674468040466,1,1,0.8689348936080932
sp|P44121|DNLI_HAEIN,0.2315811812877655,0,0,0.536837637424469
sp|P18002|IMMM_ECOLX,0.33375009298324587,0,0,0.33249981403350826
VFG000493,0.9585069417953491,1,1,0.9170138835906982
sp|Q12421|ATG31_YEAST,0.048700150474905966,0,0,0.9025996990501881
VFG014237,0.9832675933837891,1,1,0.9665351867675782
VFG025203,0.9975158452987671,1,1,0.9950316905975343
VFG041703,0.9606356620788574,1,1,0.9212713241577148
VFG025602,0.9924830317497253,1,1,0.9849660634994506
sp|A0A2A5JY22|NUCLP_PAELB,0.12912960797548295,0,0,0.7417407840490341
VFG000425,0.9775343894958496,1,1,0.9550687789916992
sp|P77510|DPIB_ECOLI,0.24083420336246492,0,0,0.5183315932750702
gi|218562635|ref|YP_002344414.1|,0.7767287373542786,1,1,0.5534574747085572
gi|227081115|ref|YP_002809666.1|,0.24610578417778015,0,1,0.5077884316444397
sp|Q3JQJ0|FETP_BURP1,0.18411286175251007,0,0,0.6317742764949799
gi|15800026|ref|NP_286038.1|,0.9868894934654235,1,1,0.9737789869308471
VFG022678,0.973713755607605,1,1,0.94742751121521
gi|56708316|ref|YP_170212.1|,0.8153949737548828,1,1,0.6307899475097656
sp|G0RL42|VEA_HYPJQ,0.08320067524909973,0,0,0.8335986495018005
VFG041662,0.9881236791610718,1,1,0.9762473583221436
VFG039501,0.9990909099578857,1,1,0.9981818199157715
VFG048872,0.9509976029396057,1,1,0.9019952058792113
sp|Q08689|NAT5_YEAST,0.2588554471731186,0,0,0.4822891056537628
sp|P13063|PHSS_DESBA,0.03304642867296934,0,0,0.9339071426540613
sp|P10342|ISOA_PSEAY,0.060906671732664106,0,0,0.8781866565346718
sp|O66608|PURK_AQUAE,0.014535519108176232,0,0,0.9709289617836475
VFG043056,0.9896159529685974,1,1,0.9792319059371948
sp|Q03702|CCE1_YEAST,0.0007220216561108827,0,0,0.9985559566877782
sp|I0DFJ0|AADC_BACAT,0.13124868720769883,0,0,0.7375026255846023
sp|P64567|YQGB_ECOLI,0.4353364586830139,0,0,0.1293270826339722
VFG013354,0.9901692867279053,1,1,0.9803385734558105
fig|83331.22.peg.2833|MT2594|VBIMycTub22151_2833|,0.2292175441980362,0,1,0.5415649116039276
sp|P32332|OAC1_YEAST,0.02096409071236849,0,0,0.958071818575263
VFG000100,0.9160764455795288,1,1,0.8321528911590577
VFG000073,0.9514103412628174,1,1,0.9028206825256349
VFG018650,0.9871066212654114,1,1,0.9742132425308228
sp|Q12445|POM34_YEAST,0.0024764076340943577,0,0,0.9950471847318113
sp|A0KH11|ALR_AERHH,0.04044553581625223,0,0,0.9191089283674956
VFG043126,0.9883560299873352,1,1,0.9767120599746704
sp|Q1D6H4|ENCAP_MYXXD,0.07484134808182716,0,0,0.8503173038363456
sp|Q65164|TPRT_ASFB7,0.32083340287208556,0,0,0.3583331942558289
sp|Q5Y818|ARRA_CHRAT,0.10469885319471359,0,0,0.7906022936105728
VFG007598,0.9862257480621338,1,1,0.9724514961242676
VFG003538,0.9984249353408814,1,1,0.9968498706817628
VFG045408,0.9871066212654114,1,1,0.9742132425308228
VFG040978,0.9915138840675354,1,1,0.9830277681350708
sp|A0A346LU62|CAPS1_SUFV1,0.040038722939789294,0,0,0.9199225541204215
VFG045565,1.0,1,1,1.0
VFG051139,0.9975561976432801,1,1,0.9951123952865601
sp|Q8GAK6|XDH_PAENI,0.08178834468126298,0,0,0.8364233106374741
fig|283166.5.peg.73|BH00620|VBIBarHen29080_0073|,0.8424834132194519,1,1,0.6849668264389037
sp|Q9P6L9|YKQ7_SCHPO,0.0364821255672723,0,0,0.9270357488654554
gi|22127807|ref|NP_671230.1|,0.4373433470726013,0,1,0.12531330585479739
sp|B8MKZ3|TSTJ_TALSN,0.039518242701888084,0,0,0.9209635145962238
gi|15609844|ref|NP_217223.1|,0.7501871943473816,1,1,0.5003743886947631
sp|P54975|CRTB_PARSN,0.05191123746335506,0,0,0.8961775250732898
sp|P53336|YG5X_YEAST,0.0058360185474157335,0,0,0.9883279629051686
sp|O06159|BKDC_MYCTU,0.08271147310733795,0,0,0.8345770537853241
gi|15642451|ref|NP_232084.1|,0.9068594098091125,1,1,0.813718819618225
VFG051471,0.8948379397392273,1,1,0.7896758794784546
VFG007525,0.9980808138847351,1,1,0.9961616277694703
VFG051197,0.4291489839553833,0,1,0.14170203208923338
sp|Q2HR75|MTA_HHV8P,0.2406457245349884,0,0,0.5187085509300232
sp|P0DW68|DTCA_VIBAL,0.4186574459075928,0,0,0.1626851081848144
VFG044312,0.4229540884494781,0,1,0.15409182310104375
sp|P24935|ADP_ADE02,0.21851241886615752,0,0,0.562975162267685
gi|89255832|ref|YP_513194.1|,0.8916089773178101,1,1,0.7832179546356202
sp|Q01176|XYN2_PYRGI,0.010395122924819589,0,0,0.9792097541503608
sp|Q7A6Q5|Y724_STAAN,0.3593631535768509,0,0,0.2812736928462982
sp|Q2FZ58|Y1193_STAA8,0.16719227880239487,0,0,0.6656154423952103
VFG039549,0.26356693357229233,0,1,0.47286613285541534
VFG041358,0.935624098777771,1,1,0.871248197555542
sp|Q05097|PA1L_PSEAE,0.32428855895996095,0,0,0.3514228820800781
sp|Q08299|ENB1_YEAST,0.05665497072041035,0,0,0.8866900585591793
VFG047737,0.9980808138847351,1,1,0.9961616277694703
gi|15903398|ref|NP_358948.1|,0.38024331331253053,0,1,0.23951337337493894
VFG007457,0.990496826171875,1,1,0.9809936523437499
sp|P18562|UPP_YEAST,0.10298167169094086,0,0,0.7940366566181183
sp|P18333|SIGA_CHLTR,0.0670301578938961,0,0,0.8659396842122078
VFG042968,0.9783732533454895,1,1,0.956746506690979
VFG031779,0.9939939022064209,1,1,0.9879878044128418
sp|Q09793|NUP45_SCHPO,0.036801614239811896,0,0,0.9263967715203762
sp|Q7S2H6|RT26_NEUCR,0.08704345524311066,0,0,0.8259130895137787
VFG014302,0.9831100344657898,1,1,0.9662200689315796
VFG024794,0.8773422837257385,1,1,0.754684567451477
VFG015184,0.9883560299873352,1,1,0.9767120599746704
VFG045472,0.44021767377853394,0,1,0.11956465244293213
sp|O74971|ATG5_SCHPO,0.030420251935720444,0,0,0.9391594961285591
sp|O52760|RPOA_PSEAE,0.10039576888084412,0,0,0.7992084622383118
sp|O26061|THYX_HELPY,0.2869211554527283,0,0,0.42615768909454343
VFG016797,0.5191034018993378,1,1,0.03820680379867558
VFG050160,0.15223476886749268,0,1,0.6955304622650147
VFG041280,0.9990909099578857,1,1,0.9981818199157715
sp|Q12298|YD061_YEAST,0.045367815904319285,0,0,0.9092643681913615
sp|P04537|UVSY_BPT4,0.07363819554448128,0,0,0.8527236089110375
VFG042578,0.6568483710289001,1,1,0.3136967420578003
sp|P64439|YBJM_ECOLI,0.46888107657432554,0,0,0.06223784685134892
VFG051918,0.9980808138847351,1,1,0.9961616277694703
sp|A0A1U8QW91|CICB_EMENI,0.050048066303133965,0,0,0.8999038673937321
VFG038029,0.9839589476585389,1,1,0.9679178953170777
sp|P38430|YM8C_YEAST,0.018390260078012942,0,0,0.9632194798439742
sp|P53337|ERV29_YEAST,0.010707133309915661,0,0,0.9785857333801686
sp|P96890|ACCA3_MYCTU,0.1449773982167244,0,0,0.7100452035665512
sp|Q38HX2|HPDA_CLOSL,0.18996475785970687,0,0,0.6200704842805862
sp|A0A0U1LQF6|CCTO_TALIS,0.02789747267961502,0,0,0.94420505464077
sp|P75898|RUTA_ECOLI,0.061583837121725084,0,0,0.8768323257565498
VFG001837,0.9985259413719177,1,1,0.9970518827438355
VFG047705,0.567973792552948,1,1,0.135947585105896
sp|Q2U0N3|MORA_ASPOR,0.022620145045220853,0,0,0.9547597099095583
VFG012062,0.989368736743927,1,1,0.978737473487854
sp|C8VTS4|VELB_EMENI,0.08720676004886627,0,0,0.8255864799022674
gi|15640545|ref|NP_230174.1|,0.2518347531557083,0,1,0.4963304936885834
VFG050289,0.18877374678850173,0,1,0.6224525064229965
sp|P14020|DPM1_YEAST,0.4665781557559967,0,0,0.06684368848800659
sp|Q03036|IRC4_YEAST,0.2600790441036224,0,0,0.47984191179275515
VFG008907,0.991465973854065,1,1,0.98293194770813
sp|P87132|YFK5_SCHPO,0.03711786498315632,0,0,0.9257642700336873
sp|B2AE04|CEL6C_PODAN,0.003388688387349248,0,0,0.9932226232253015
VFG041730,0.9820178508758545,1,1,0.9640357017517089
VFG044403,0.9778263092041015,1,1,0.955652618408203
VFG018408,0.9980808138847351,1,1,0.9961616277694703
sp|Q2FWE4|Y2355_STAA8,0.26975789964199065,0,0,0.4604842007160187
sp|B6D5I7|FGAMT_ASPFM,0.04105150327086449,0,0,0.917896993458271
sp|O74757|HRD1_SCHPO,0.13494058400392533,0,0,0.7301188319921493
VFG044141,0.9889896273612976,1,1,0.9779792547225952
sp|P9WIT7|PYRB_MYCTU,0.132004726678133,0,0,0.735990546643734
VFG042528,0.9975158452987671,1,1,0.9950316905975343
gi|15618807|ref|NP_225093.1|,0.4814484238624573,0,1,0.03710315227508543
VFG043122,0.6773744583129883,1,1,0.3547489166259765
sp|Q9RXJ2|RL14_DEIRA,0.0024764076340943577,0,0,0.9950471847318113
sp|O31686|YKVU_BACSU,0.48639519810676574,0,0,0.027209603786468528
sp|P16733|GM_HCMVA,0.08567997142672538,0,0,0.8286400571465492
sp|H9XP47|MBDH_SERMA,0.08580567836761474,0,0,0.8283886432647705
VFG038643,0.9931280970573425,1,1,0.986256194114685
sp|P50899|GUXB_CELFA,0.09798229485750198,0,0,0.804035410284996
sp|P17854|CYSH_ECOLI,0.08523499052971602,0,0,0.829530018940568
VFG003624,0.8828223347663879,1,1,0.7656446695327759
sp|C5B137|FHCA_METEA,0.042552825435996054,0,0,0.9148943491280079
VFG037970,0.9985259413719177,1,1,0.9970518827438355
VFG042993,0.9901692867279053,1,1,0.9803385734558105
sp|Q02199|NUP49_YEAST,0.03162745926529169,0,0,0.9367450814694166
sp|A0A0H2VBH0|YHES_ECOL6,0.3352755010128021,0,0,0.32944899797439575
VFG022539,0.44759302735328677,0,1,0.10481394529342647
gi|121634994|ref|YP_975239.1|,0.8569553256034851,1,1,0.7139106512069702
VFG008256,0.9302446007728576,1,1,0.8604892015457153
sp|P0DPN0|YAHV_ECOLI,0.14752992242574692,0,0,0.7049401551485062
VFG049256,1.0,1,1,1.0
sp|A0A5N1I561|LOX_LACJE,0.026404703594744207,0,0,0.9471905928105115
sp|G2IQQ8|LIGK_SPHSK,0.020435635186731815,0,0,0.9591287296265364
sp|P11978|SIR4_YEAST,0.056458576768636706,0,0,0.8870828464627266
sp|P80702|DIDH_COMTE,0.06899926364421845,0,0,0.8620014727115631
VFG026278,0.9971633791923523,1,1,0.9943267583847046
VFG041987,0.9254856109619141,1,1,0.8509712219238281
sp|O14328|KSP1_SCHPO,0.10518485456705093,0,0,0.7896302908658981
VFG011200,0.32734898924827577,0,1,0.34530202150344846
VFG001921,0.989804482460022,1,1,0.9796089649200439
gi|9630842|ref|NP_047439.1|,0.2877832353115082,0,1,0.42443352937698364
sp|Q9AEM1|PCKG_CORGL,0.35782150328159334,0,0,0.2843569934368133
sp|O94311|YH56_SCHPO,0.021976272575557232,0,0,0.9560474548488855
sp|P05986|KAPC_YEAST,0.07938150316476822,0,0,0.8412369936704636
sp|A9G317|FDX8_SORC5,0.04746825136244297,0,0,0.905063497275114
sp|P17881|NCAP_SEOUS,0.14354460537433625,0,0,0.7129107892513276
sp|P9WM85|Y049_MYCTU,0.6568619728088378,1,0,0.3137239456176757
VFG041480,0.9633142352104187,1,1,0.9266284704208374
VFG021783,0.9820178508758545,1,1,0.9640357017517089
VFG039207,0.989804482460022,1,1,0.9796089649200439
VFG037895,0.9871066212654114,1,1,0.9742132425308228
sp|O05507|PTEC_BACSU,0.33183059096336365,0,0,0.3363388180732727
VFG041582,0.9973593115806579,1,1,0.9947186231613159
sp|P07512|IAA_STRRO,0.013256914541125297,0,0,0.9734861709177494
VFG020056,0.9783732533454895,1,1,0.956746506690979
sp|P39890|TCMI_STRGA,0.010749664716422557,0,0,0.9785006705671548
VFG002060,0.9708713889122009,1,1,0.9417427778244019
sp|P9WEX3|DPASD_APISA,0.020962601900100707,0,0,0.9580747961997986
sp|B7GPC7|EBI1_BIFLS,0.4500458836555481,0,0,0.09990823268890381
VFG007929,0.9659886598587036,1,1,0.9319773197174073
sp|P31378|NTH1_YEAST,0.048063150979578494,0,0,0.903873698040843
sp|P21632|COBB_SINSX,0.24267404973506929,0,0,0.5146519005298614
sp|Q12040|YO283_YEAST,0.013036034256219863,0,0,0.9739279314875603
sp|P22533|MANB_CALSA,0.1787915587425232,0,0,0.6424168825149537
VFG015919,0.9058940649032593,1,1,0.8117881298065186
sp|P25711|NDUS4_NEUCR,0.017521646246314047,0,0,0.964956707507372
sp|P14489|BLO10_PSEAI,0.27130453288555145,0,0,0.4573909342288971
sp|Q9ZEP3|CSEC_STRCO,0.32627504169940946,0,0,0.3474499166011811
sp|P35829|SLAP_LACAC,0.5973138093948365,1,0,0.19462761878967294
VFG002087,0.9939940452575684,1,1,0.9879880905151368
VFG001891,0.9595972180366517,1,1,0.9191944360733033
VFG042224,0.7636530637741089,1,1,0.5273061275482178
VFG016567,0.9887874245643615,1,1,0.9775748491287231
sp|P62593|BLAT_ECOLX,0.05703609809279442,0,0,0.8859278038144112
VFG015879,0.11281617432832718,0,1,0.7743676513433456
VFG002261,0.9965984106063843,1,1,0.9931968212127686
VFG041861,0.9990909099578857,1,1,0.9981818199157715
VFG007639,0.8985294818878173,1,1,0.7970589637756347
VFG045823,0.9887874245643615,1,1,0.9775748491287231
VFG003497,0.9840442538261414,1,1,0.9680885076522827
VFG049962,0.8023220062255859,1,1,0.6046440124511718
sp|Q5SJ79|COX1_THET8,0.02383087296038866,0,0,0.9523382540792227
sp|P46784|RS10B_YEAST,0.09316404908895493,0,0,0.8136719018220901
VFG041757,0.9989899039268494,1,1,0.9979798078536988
fig|83332.12.peg.376|Rv0342|VBIMycTub87468_0376|,0.2398342251777649,0,1,0.5203315496444703
VFG014497,0.9858568787574769,1,1,0.9717137575149537
VFG024582,0.9729682445526123,1,1,0.9459364891052247
VFG038487,0.9200130939483643,1,1,0.8400261878967286
VFG041160,0.9990909099578857,1,1,0.9981818199157715
VFG041234,0.9980808138847351,1,1,0.9961616277694703
VFG023596,0.9967943429946899,1,1,0.9935886859893799
VFG041171,0.994715404510498,1,1,0.989430809020996
sp|Q2FZL7|MEND_STAA8,0.4761463522911072,0,0,0.04770729541778562
sp|Q92349|MUG79_SCHPO,0.02836319785565138,0,0,0.9432736042886972
VFG016480,0.9591754317283631,1,1,0.9183508634567261
sp|O34723|DESR_BACSU,0.27285548448562624,0,0,0.4542890310287475
sp|Q33DX5|RMTC_PROMI,0.12879204303026198,0,0,0.742415913939476
VFG000500,0.9924314022064209,1,1,0.9848628044128418
VFG043867,0.9967943429946899,1,1,0.9935886859893799
sp|Q8F5I5|TPIS_LEPIN,0.13374070227146148,0,0,0.732518595457077
VFG008698,0.9779838681221008,1,1,0.9559677362442016
VFG007418,0.9949113368988037,1,1,0.9898226737976075
sp|Q2G506|ATM1_NOVAD,0.6946557998657227,1,0,0.38931159973144536
VFG015608,0.8064925074577332,1,1,0.6129850149154663
sp|Q92Z29|NIRK_RHIME,0.08665614202618599,0,0,0.826687715947628
sp|P0A847|TGT_ECOLI,0.011163638764992356,0,0,0.9776727224700152
gi|15608123|ref|NP_215498.1|,0.8843355417251587,1,1,0.7686710834503174
VFG002215,0.9950359106063843,1,1,0.9900718212127686
sp|P19870|INU2_ARTGO,0.3095395386219025,0,0,0.38092092275619505
sp|A9WC36|MCT_CHLAA,0.06607132032513618,0,0,0.8678573593497276
sp|P25333|HAL4_YEAST,0.06781291663646698,0,0,0.864374166727066
sp|P37353|MENE_ECOLI,0.10084077417850494,0,0,0.7983184516429901
sp|Q8ZD36|MNMC_YERPE,0.21220215111970903,0,0,0.575595697760582
VFG029944,0.9873053312301636,1,1,0.9746106624603272
VFG014930,0.9873389720916748,1,1,0.9746779441833495
sp|P10441|LPXB_ECOLI,0.33309929966926577,0,0,0.33380140066146846
sp|O52681|HYDC_THEMA,0.0007220216561108827,0,0,0.9985559566877782
VFG011921,0.9881236791610718,1,1,0.9762473583221436
sp|K4ICC9|METXA_PSYTT,0.17064120769500732,0,0,0.6587175846099853
sp|O43031|SPP2_SCHPO,0.00893221776932478,0,0,0.9821355644613504
sp|Q9AIX6|BOXA_AROEV,0.11586077958345413,0,0,0.7682784408330917
VFG043965,0.9967943429946899,1,1,0.9935886859893799
sp|Q9USK8|AGS1_SCHPO,0.13193425089120864,0,0,0.7361314982175827
sp|P9WI01|PPE36_MYCTU,0.8946386218070984,1,0,0.7892772436141968
VFG011833,0.9975158452987671,1,1,0.9950316905975343
sp|Q3E841|YN034_YEAST,0.03594891149550676,0,0,0.9281021770089865
sp|Q9Y7U6|RGF1_SCHPO,0.10440951734781265,0,0,0.7911809653043747
sp|Q7WY62|SDA_BACSU,0.015497879544273018,0,0,0.969004240911454
sp|Q5WGA1|CATNT_SHOC1,0.06427459120750427,0,0,0.8714508175849914
VFG000143,0.7417395889759064,1,1,0.48347917795181283
VFG024741,0.8812053799629211,1,1,0.7624107599258423
sp|D4AYQ6|NPC2_ARTBC,0.16993483453989028,0,0,0.6601303309202194
VFG042204,0.9720874309539795,1,1,0.9441748619079591
sp|Q70I53|HDAH_ALCSD,0.10707028284668922,0,0,0.7858594343066215
VFG000045,0.9975158452987671,1,1,0.9950316905975343
gi|15900591|ref|NP_345195.1|,0.41268961429595946,0,1,0.17462077140808108
VFG030516,0.7122544765472412,1,1,0.42450895309448233
VFG043952,0.9167630195617675,1,1,0.8335260391235351
VFG014892,0.974753201007843,1,1,0.949506402015686
sp|Q08873|SCP1_YEAST,0.039514579623937604,0,0,0.9209708407521248
sp|P43067|ADH1_CANAX,0.03375346064567566,0,0,0.9324930787086487
VFG039081,0.6253284752368927,1,1,0.25065695047378544
sp|Q09926|PCR1_SCHPO,0.046231909096240996,0,0,0.907536181807518
VFG041813,0.9964935064315796,1,1,0.9929870128631593
sp|Q92AT0|12OLP_LISIN,0.539601618051529,1,0,0.0792032361030579
VFG016740,0.9939939022064209,1,1,0.9879878044128418
VFG007384,0.9990909099578857,1,1,0.9981818199157715
VFG038357,0.9985259413719177,1,1,0.9970518827438355
VFG043315,0.990931236743927,1,1,0.981862473487854
sp|Q57490|MMDE_VEIPA,0.13540972173213958,0,0,0.7291805565357208
sp|Q06750|CYSE_BACSU,0.24324992299079895,0,0,0.5135001540184021
sp|P0A9J0|RNG_ECOLI,0.06789696291089058,0,0,0.8642060741782188
VFG025258,0.9852086901664734,1,1,0.9704173803329468
VFG045402,0.9849483966827393,1,1,0.9698967933654785
sp|Q2FV63|COPZ_STAA8,0.144351989030838,0,0,0.711296021938324
VFG041566,0.5660097301006317,1,1,0.13201946020126343
VFG041862,0.9905485391616822,1,1,0.9810970783233643
sp|A0A0H3KZS3|D2HDH_PANAA,0.34161879420280455,0,0,0.3167624115943909
VFG000176,0.9866571426391602,1,1,0.9733142852783203
VFG042178,0.4476088106632233,0,1,0.10478237867355344
sp|P39009|DUN1_YEAST,0.026404703594744207,0,0,0.9471905928105115
VFG035153,0.9959285378456115,1,1,0.9918570756912231
sp|A0R5Z2|GLFT1_MYCS2,0.24261986911296846,0,0,0.5147602617740631
gi|89256558|ref|YP_513920.1|,0.25105888545513155,0,1,0.4978822290897369
sp|Q04082|GPI19_YEAST,0.1741469144821167,0,0,0.6517061710357666
sp|A3M141|ATPD_ACIBT,0.22149730622768402,0,0,0.5570053875446319
VFG006090,0.9923796892166138,1,1,0.9847593784332276
gi|16764516|ref|NP_460131.1|,0.12043890506029128,0,1,0.7591221898794174
gi|213950526|gb|ACJ54536.1|,0.7560556054115295,1,1,0.512111210823059
gi|15602662|ref|NP_245734.1|,0.16183884888887407,0,1,0.6763223022222519
sp|A3DIJ8|3PASE_ACET2,0.060564315691590306,0,0,0.8788713686168194
VFG034744,0.9854410409927368,1,1,0.9708820819854735
sp|P25053|TENI_BACSU,0.06554422713816166,0,0,0.8689115457236767
sp|Q99271|NAH1_YEAST,0.04634582214057446,0,0,0.907308355718851
VFG015844,0.9950849413871765,1,1,0.990169882774353
VFG011259,0.9887874245643615,1,1,0.9775748491287231
sp|D2AV87|4HYPE_STRRD,0.016890775226056576,0,0,0.9662184495478868
VFG005378,0.9939939022064209,1,1,0.9879878044128418
VFG042976,0.9913190722465515,1,1,0.9826381444931029
VFG012126,0.9975158452987671,1,1,0.9950316905975343
sp|P71838|Y0785_MYCTU,0.24506315886974334,0,0,0.5098736822605133
sp|Q04958|NTE1_YEAST,0.08111117929220199,0,0,0.837777641415596
VFG041255,0.9973593115806579,1,1,0.9947186231613159
VFG042271,0.9940455317497253,1,1,0.9880910634994506
sp|D5ARH0|BIOM_RHOCB,0.11890394687652588,0,0,0.7621921062469482
sp|P37267|CBP4_YEAST,0.007217074185609818,0,0,0.9855658516287804
sp|P12464|RPOE_BACSU,0.08500101845711469,0,0,0.8299979630857706
VFG015912,0.3731975108385086,0,1,0.2536049783229828
sp|P56930|RL25_THETH,0.0,0,0,1.0
VFG043986,0.8186282277107239,1,1,0.6372564554214477
VFG007540,0.9985259413719177,1,1,0.9970518827438355
VFG051931,0.9965984106063843,1,1,0.9931968212127686
sp|P32526|KAR9_YEAST,0.00543406349606812,0,0,0.9891318730078638
sp|P54789|ORC1_SCHPO,0.06521243453025818,0,0,0.8695751309394837
VFG045538,1.0,1,1,1.0
VFG038445,0.9351391911506652,1,1,0.8702783823013305
sp|G0RH19|LXR3_HYPJQ,0.020435635186731815,0,0,0.9591287296265364
sp|P25454|RAD51_YEAST,0.08828841671347618,0,0,0.8234231665730476
sp|P07329|NIFK_AZOVI,0.09126723110675812,0,0,0.8174655377864838
VFG043847,0.9942191362380981,1,1,0.9884382724761962
VFG043309,0.9895721316337586,1,1,0.9791442632675171
sp|P9WKW7|Y3788_MYCTU,0.12951428145170213,0,0,0.7409714370965957
VFG050117,0.5994865298271179,1,1,0.19897305965423584
sp|A4VFY4|ECTD_STUS1,0.11243262588977813,0,0,0.7751347482204437
sp|P16608|TRPA_THET2,0.0017543859779834748,0,0,0.996491228044033
gi|67470724|ref|XP_651325.1|,0.06373745407909155,0,1,0.8725250918418169
sp|Q5M4V4|DLTB_STRT2,0.379251503944397,0,0,0.241496992111206
VFG043279,0.9866050004959106,1,1,0.9732100009918212
sp|Q9RVK2|Y1025_DEIRA,0.08579442948102951,0,0,0.828411141037941
sp|Q5UQ64|YR653_MIMIV,0.3340741515159607,0,0,0.3318516969680786
VFG018430,1.0,1,1,1.0
VFG030157,0.9211513042449951,1,1,0.8423026084899903
VFG000007,0.989804482460022,1,1,0.9796089649200439
sp|P28619|RNPH_BACSU,0.13203997910022736,0,0,0.7359200417995453
sp|P04716|RBS_SYNP6,0.04284902829676866,0,0,0.9143019434064626
VFG013725,0.9887874245643615,1,1,0.9775748491287231
sp|Q05648|MRX10_YEAST,0.012663123616948723,0,0,0.9746737527661026
VFG010006,0.9990909099578857,1,1,0.9981818199157715
sp|P08679|CISY2_YEAST,0.02096409071236849,0,0,0.958071818575263
sp|Q7SHR6|COX24_NEUCR,0.04809094965457916,0,0,0.9038181006908417
gi|16765878|ref|NP_461493.1|,0.1966417208313942,0,1,0.6067165583372116
VFG001977,0.9811689376831054,1,1,0.9623378753662108
gi|12698734|gb|AAK01665.1|AF324862_1,0.277880534529686,0,1,0.44423893094062805
sp|A0R758|LERK_MYCS2,0.12223702073097228,0,0,0.7555259585380554
sp|P9WJI7|PNCB2_MYCTU,0.09824556857347488,0,0,0.8035088628530502
VFG013308,0.655953562259674,1,1,0.3119071245193481
VFG015439,0.9975158452987671,1,1,0.9950316905975343
sp|Q67GH9|LCPS_BLATR,0.015521989017724992,0,0,0.96895602196455
VFG044223,0.8924533486366272,1,1,0.7849066972732544
sp|P50601|TOLB_PSEAE,0.42042202949523927,0,0,0.15915594100952146
sp|H2A7G5|LANA_STRMD,0.07787192836403847,0,0,0.8442561432719231
fig|83332.12.peg.2031|Rv1818c|VBIMycTub87468_2031|,0.9449300050735474,1,1,0.8898600101470948
sp|Q55650|BIOU_SYNY3,0.015497879544273018,0,0,0.969004240911454
gi|15640286|ref|NP_229913.1|,0.4336604058742523,0,1,0.13267918825149538
sp|P45423|YHCG_ECOLI,0.18740930110216142,0,0,0.6251813977956772
sp|Q02854|NUXM_NEUCR,0.011515254341065883,0,0,0.9769694913178683
sp|Q8RQP5|ISPF_THET8,0.018479644879698755,0,0,0.9630407102406024
VFG015409,1.0,1,1,1.0
sp|P25451|PSB3_YEAST,0.0989428237080574,0,0,0.8021143525838852
sp|P0A9H1|MUG_ECOLI,0.03894671499729156,0,0,0.9221065700054168
VFG006059,0.9407522916793823,1,1,0.8815045833587647
sp|Q9USR7|RL38A_SCHPO,0.022787688113749028,0,0,0.9544246237725019
VFG026446,0.978010094165802,1,1,0.956020188331604
VFG035950,0.9985259413719177,1,1,0.9970518827438355
sp|A2RKV5|NIAX_LACLM,0.14517616629600524,0,0,0.7096476674079895
sp|P36086|YKH1_YEAST,0.003659147955477238,0,0,0.9926817040890455
VFG043939,0.9887874245643615,1,1,0.9775748491287231
VFG050283,0.978182578086853,1,1,0.9563651561737061
VFG009348,0.8715346097946167,1,1,0.7430692195892334
sp|Q08245|ZEO1_YEAST,0.35235342383384705,0,0,0.2952931523323059
VFG019117,0.7815127849578858,1,1,0.5630255699157716
sp|B5Z7I3|EGTU_HELPG,0.45183850526809693,0,0,0.09632298946380613
VFG039152,0.9415891885757446,1,1,0.8831783771514892
sp|Q02106|CAPSD_POPMV,0.11577177792787552,0,0,0.768456444144249
sp|Q5B601|Y4029_EMENI,0.09963687062263489,0,0,0.8007262587547302
sp|F5HG20|UL49_HHV8P,0.2549637794494629,0,0,0.4900724411010742
sp|P32561|RPD3_YEAST,0.05672836676239967,0,0,0.8865432664752007
VFG041793,0.9593027830123901,1,1,0.9186055660247803
VFG042995,0.989804482460022,1,1,0.9796089649200439
VFG038014,0.9965984106063843,1,1,0.9931968212127686
sp|P9WKB3|Y2484_MYCTU,0.6422155261039734,1,0,0.28443105220794673
VFG000059,0.9881236791610718,1,1,0.9762473583221436
VFG045720,0.8896991968154907,1,1,0.7793983936309814
sp|P96116|TROA_TREPA,0.595086133480072,1,0,0.190172266960144
VFG039294,0.9985259413719177,1,1,0.9970518827438355
sp|Q9ALJ4|AGAA_GEOSE,0.18345113098621368,0,0,0.6330977380275726
sp|D4AMW3|A5566_ARTBC,0.0961557149887085,0,0,0.807688570022583
VFG038857,0.9956328392028808,1,1,0.9912656784057616
VFG048867,0.9839589476585389,1,1,0.9679178953170777
VFG013666,0.9915138840675354,1,1,0.9830277681350708
gi|15641175|ref|NP_230807.1|,0.522497045993805,1,1,0.04499409198760995
sp|P28496|LAC1_YEAST,0.05158941000699997,0,0,0.8968211799860001
VFG049842,0.9990909099578857,1,1,0.9981818199157715
VFG002360,0.9966429352760315,1,1,0.9932858705520631
VFG038731,0.9542009353637695,1,1,0.908401870727539
sp|P55038|GLTS_SYNY3,0.07516010105609894,0,0,0.8496797978878021
sp|P22629|SAV_STRAV,0.15746651738882064,0,0,0.6850669652223587
gi|17987302|ref|NP_539936.1|,0.18197055757045746,0,1,0.6360588848590851
sp|P04050|RPB1_YEAST,0.07572636604309083,0,0,0.8485472679138184
VFG027585,0.9975158452987671,1,1,0.9950316905975343
sp|P44923|Y893_HAEIN,0.2577559888362885,0,0,0.48448802232742305
sp|Q3E830|EGO2_YEAST,0.03119298480451107,0,0,0.9376140303909779
VFG005530,0.9895721316337586,1,1,0.9791442632675171
VFG002274,0.6857455611228943,1,1,0.3714911222457886
VFG042676,0.9950849413871765,1,1,0.990169882774353
sp|A0A2H3D1U1|ARMD5_ARMGA,0.0024764076340943577,0,0,0.9950471847318113
sp|P9WKY7|Y3421_MYCTU,0.1024400308728218,0,0,0.7951199382543563
fig|216597.6.peg.4484|SL1344_4028|VBISalEnt88447_4484|,0.15269166529178618,0,1,0.6946166694164276
VFG000315,0.9695786952972412,1,1,0.9391573905944823
sp|A0A1V0QSE7|ERIA_HERER,0.0,0,0,1.0
VFG015588,0.9767772912979126,1,1,0.9535545825958252
VFG005382,0.9523745536804199,1,1,0.9047491073608398
sp|Q7A441|MOAD_STAAN,0.46000409722328184,0,0,0.07999180555343632
sp|P14299|DRAT_RHORU,0.18415612876415252,0,0,0.6316877424716949
sp|Q5SKU1|RL35_THET8,0.0076343372464179994,0,0,0.984731325507164
sp|P0DSH1|YSAE_ECOLI,0.10643830746412278,0,0,0.7871233850717545
VFG000674,0.961424994468689,1,1,0.922849988937378
sp|O34978|PBUO_BACSU,0.07165674231946469,0,0,0.8566865153610707
sp|Q04048|SYF1_YEAST,0.0007220216561108827,0,0,0.9985559566877782
sp|O25336|DNLJ_HELPY,0.3544602870941162,0,0,0.2910794258117676
gi|24112632|ref|NP_707142.1|,0.7492619514465332,1,1,0.49852390289306636
gi|56707712|ref|YP_169608.1|,0.4117304623126984,0,1,0.17653907537460323
sp|Q8ZKE6|PHNO_SALTY,0.1964899480342865,0,0,0.607020103931427
VFG000575,0.45044390559196473,0,1,0.09911218881607053
sp|P23793|ARCA_MYCAR,0.08579442948102951,0,0,0.828411141037941
sp|M1VVW6|LPSC_CLAP2,0.0786937803030014,0,0,0.8426124393939972
gi|470687|gb|AAA21926.1|,0.6662785232067108,1,1,0.33255704641342154
VFG049647,0.3919269382953644,0,1,0.2161461234092712
sp|O94561|PRX_SCHPO,0.06240940392017365,0,0,0.8751811921596527
VFG041748,0.9985259413719177,1,1,0.9970518827438355
sp|O74814|YJ03_SCHPO,0.013845863938331603,0,0,0.9723082721233368
sp|Q09122|SCRB_FUSMR,0.3639218211174011,0,0,0.27215635776519775
sp|P33973|PKN1_MYXXA,0.8959806084632873,1,0,0.7919612169265746
sp|Q12156|AIM7_YEAST,0.06794287525117397,0,0,0.864114249497652
VFG014381,0.9850406885147095,1,1,0.970081377029419
sp|P00096|CY550_PARDE,0.0031660628039389847,0,0,0.993667874392122
sp|P0A4U6|NTCA_NOSS1,0.20573020726442337,0,0,0.5885395854711533
sp|P38270|ATG14_YEAST,0.04356498196721077,0,0,0.9128700360655785
sp|P37597|YDHC_ECOLI,0.25209773778915406,0,0,0.4958045244216919
VFG000875,0.9915655970573425,1,1,0.983131194114685
VFG000520,0.9967943429946899,1,1,0.9935886859893799
sp|P42848|ENO_THEMA,0.02942876536399126,0,0,0.9411424692720175
VFG045701,0.9967943429946899,1,1,0.9935886859893799
gi|25121609|ref|NP_740406.1|,0.2671424001455307,0,1,0.4657151997089386
sp|O34746|FABH1_BACSU,0.03951561283320189,0,0,0.9209687743335963
sp|C0SP94|YHFQ_BACSU,0.5430138826370239,1,0,0.08602776527404776
sp|P9WGF5|Y2025_MYCTU,0.16324613690376283,0,0,0.6735077261924743
sp|P0ACJ5|DECR_ECOLI,0.40831241607666013,0,0,0.18337516784667973
sp|O34002|PRPC_ABDS2,0.08511726409196854,0,0,0.829765471816063
sp|P05501|CYB_SCHPO,0.04205374289304018,0,0,0.9158925142139196
VFG005559,0.8252856135368347,1,1,0.6505712270736694
VFG018744,0.9985259413719177,1,1,0.9970518827438355
VFG042002,1.0,1,1,1.0
gi|15803338|ref|NP_289371.1|,0.3270771086215973,0,1,0.34584578275680544
sp|P43855|PYRE_HAEIN,0.38711223304271697,0,0,0.22577553391456606
sp|P9WM49|Y1265_MYCTU,0.4917121112346649,0,0,0.016575777530670188
VFG038743,0.9985259413719177,1,1,0.9970518827438355
sp|O67035|RFRNP_AQUAE,0.006123718665912747,0,0,0.9877525626681745
VFG044274,0.6994323968887329,1,1,0.39886479377746586
VFG042549,0.9975158452987671,1,1,0.9950316905975343
VFG022274,0.9956328392028808,1,1,0.9912656784057616
sp|P76621|GLAH_ECOLI,0.23923249244689943,0,0,0.5215350151062011
VFG045809,0.9858568787574769,1,1,0.9717137575149537
VFG042082,0.9465354323387146,1,1,0.8930708646774292
VFG000921,0.10695205926895142,0,1,0.7860958814620972
VFG021094,0.9887874245643615,1,1,0.9775748491287231
sp|P53167|PUS2_YEAST,0.048489485308527945,0,0,0.9030210293829442
gi|344915383|ref|NP_710044.3|,0.17678545117378236,0,1,0.6464290976524353
sp|Q0CJ57|ATE_ASPTN,0.0024764076340943577,0,0,0.9950471847318113
sp|Q7SFJ9|RS16_NEUCR,0.006451596925035119,0,0,0.9870968061499298
sp|B4RIY7|GPMA_NEIG2,0.11958859413862229,0,0,0.7608228117227555
VFG044201,0.7286540508270264,1,1,0.4573081016540528
sp|P11124|RDRP_BPPH6,0.06554422713816166,0,0,0.8689115457236767
VFG041622,0.8283910274505615,1,1,0.656782054901123
fig|99287.12.peg.2439|STM2304|VBISalEnt20916_2439|,0.526178103685379,1,1,0.05235620737075797
VFG046495,0.967131519317627,1,1,0.934263038635254
sp|P34233|ASH1_YEAST,0.09902603663504124,0,0,0.8019479267299175
sp|A0QSL4|RL36_MYCS2,0.09739548545330763,0,0,0.8052090290933848
VFG003571,0.9914186954498291,1,1,0.9828373908996582
sp|P99115|MQO2_STAAN,0.07926983833312988,0,0,0.8414603233337402
sp|P9WLD7|Y2300_MYCTU,0.20161280930042266,0,0,0.5967743813991546
sp|P03944|PHCB_PICP2,0.014535519108176232,0,0,0.9709289617836475
VFG041292,1.0,1,1,1.0
VFG043609,0.8025610446929932,1,1,0.6051220893859863
sp|Q9JYL2|DAPE_NEIMB,0.196261265873909,0,0,0.607477468252182
VFG042228,0.15850211530923844,0,1,0.6829957693815232
sp|P94593|YWQA_BACSU,0.10103231966495514,0,0,0.7979353606700897
VFG041111,0.9617013335227966,1,1,0.9234026670455933
sp|Q9RPF4|MNTH_SALTY,0.12418094873428345,0,0,0.7516381025314331
VFG016623,0.9925697565078735,1,1,0.985139513015747
sp|P73658|IOJAP_SYNY3,0.18973281979560852,0,0,0.620534360408783
sp|P81359|UN39_CLOPA,0.05537275187671185,0,0,0.8892544962465763
gi|56707548|ref|YP_169444.1|,0.8724213480949402,1,1,0.7448426961898804
VFG013727,0.9853978753089905,1,1,0.970795750617981
VFG019914,0.9852086901664734,1,1,0.9704173803329468
VFG040871,0.9948525905609131,1,1,0.9897051811218263
VFG033454,0.9990909099578857,1,1,0.9981818199157715
VFG038887,0.9931280970573425,1,1,0.986256194114685
VFG000505,1.0,1,1,1.0
gi|124805898|ref|XP_001350569.1|,0.2754866659641266,0,1,0.44902666807174685
sp|P30000|CSCB_ECOLX,0.055204549059271815,0,0,0.8895909018814564
sp|P27406|CAPSD_FCVF9,0.04258219841867685,0,0,0.9148356031626463
sp|P40555|PSMD9_YEAST,0.02392025776207447,0,0,0.9521594844758511
VFG010965,0.9980808138847351,1,1,0.9961616277694703
VFG043972,0.9255475282669068,1,1,0.8510950565338136
VFG040928,0.9895721316337586,1,1,0.9791442632675171
VFG042542,0.9985259413719177,1,1,0.9970518827438355
sp|O13709|ATG43_SCHPO,0.003388688387349248,0,0,0.9932226232253015
VFG006556,0.9819780230522156,1,1,0.9639560461044312
VFG038845,0.2390544056892395,0,1,0.521891188621521
sp|O07600|FABH2_BACSU,0.08085952997207642,0,0,0.8382809400558472
gi|15900002|ref|NP_344606.1|,0.6568483710289001,1,1,0.3136967420578003
VFG005296,0.9831100344657898,1,1,0.9662200689315796
sp|Q04749|AVO2_YEAST,0.0545126149430871,0,0,0.8909747701138258
VFG007478,1.0,1,1,1.0
VFG046948,0.9932019352912903,1,1,0.9864038705825806
sp|P16659|SYP_ECOLI,0.17344871759414673,0,0,0.6531025648117066
VFG001244,0.9956328392028808,1,1,0.9912656784057616
VFG023410,0.9758852124214172,1,1,0.9517704248428345
VFG041087,0.9939618587493897,1,1,0.9879237174987794
sp|C6FX52|NOSM_STRAS,0.09507009983062745,0,0,0.8098598003387452
sp|C0HK58|ATPF_PICAN,0.014535519108176232,0,0,0.9709289617836475
sp|Q8P8J5|ACDAS_XANCP,0.2616135597229004,0,0,0.4767728805541992
VFG046048,0.9803143501281738,1,1,0.9606287002563476
sp|P38304|MED8_YEAST,0.004495606618002057,0,0,0.9910087867639958
sp|P64481|YDJM_ECOLI,0.15510611236095428,0,0,0.6897877752780914
gi|15900023|ref|NP_344627.1|,0.5157467603683472,1,1,0.031493520736694425
sp|Q9KM23|VXRB_VIBCH,0.48179503083229064,0,0,0.03640993833541872
YP_009047227.1,0.27031939923763276,0,1,0.4593612015247345
VFG001217,0.9468969583511353,1,1,0.8937939167022706
sp|I1CR68|AQP1_RHIO9,0.029258029349148274,0,0,0.9414839413017034
sp|Q8GBB2|TRMI_THET2,0.007162273349240422,0,0,0.9856754533015192
sp|P12726|ALT_BPT4,0.9186423420906067,1,0,0.8372846841812134
VFG006064,0.7290721654891967,1,1,0.45814433097839347
gi|15900729|ref|NP_345333.1|,0.16396837532520295,0,1,0.6720632493495942
gi|21492476|ref|NP_659595.1|,0.1165379449725151,0,1,0.7669241100549697
VFG013369,0.9876742005348206,1,1,0.9753484010696412
VFG011611,0.8976675629615783,1,1,0.7953351259231567
sp|P33767|OSTB_YEAST,0.020043629826977848,0,0,0.9599127403460443
gi|520996350|gb|AGP27005.1|,0.15155442655086518,0,1,0.6968911468982697
sp|P32465|HXT1_YEAST,0.06839968040585517,0,0,0.8632006391882896
sp|A0A095AMW7|MLES_LEUME,0.11371041238307952,0,0,0.7725791752338409
sp|A0A073CEA3|AERD_PLAAG,0.2517322897911072,0,0,0.49653542041778564
sp|P0A327|CATA_BRUAB,0.28984508365392686,0,0,0.4203098326921463
sp|G0LES5|TRI5_TRIAR,0.0024764076340943577,0,0,0.9950471847318113
sp|P81136|NS2_MYCTU,0.11764889806509018,0,0,0.7647022038698197
sp|P83779|PDC1_CANAL,0.060378216207027435,0,0,0.8792435675859451
sp|P11458|NADA_ECOLI,0.057488680258393286,0,0,0.8850226394832135
sp|P41887|HSP90_SCHPO,0.25810085237026215,0,0,0.4837982952594757
sp|Q5SID6|COMB_THET8,0.0007220216561108827,0,0,0.9985559566877782
VFG014441,0.9866139769554139,1,1,0.9732279539108277
sp|P40601|LIP1_PHOLU,0.9597313165664673,1,0,0.9194626331329345
sp|Q1GNW6|ECTC_SPHAL,0.08380343019962311,0,0,0.8323931396007538
gi|194397931|ref|YP_002036766.1|,0.49100747108459475,0,1,0.017985057830810502
sp|P16729|MCP_HCMVA,0.08392924219369888,0,0,0.8321415156126022
gi|23502017|ref|NP_698144.1|,0.7103894114494324,1,1,0.4207788228988647
sp|P9WNY1|ALDH_MYCTU,0.06882413849234581,0,0,0.8623517230153084
VFG015946,0.9990909099578857,1,1,0.9981818199157715
VFG022917,0.9834999442100525,1,1,0.966999888420105
VFG035424,0.9990909099578857,1,1,0.9981818199157715
VFG015783,0.9885550737380981,1,1,0.9771101474761963
VFG044031,0.9592770099639892,1,1,0.9185540199279785
sp|Q9Y805|CWC25_SCHPO,0.013117190264165402,0,0,0.9737656194716692
sp|Q07938|MTAP_YEAST,0.0280213488265872,0,0,0.9439573023468256
VFG000339,0.9985259413719177,1,1,0.9970518827438355
VFG050228,0.9620666384696961,1,1,0.9241332769393922
sp|O31818|YNZC_BACSU,0.047573726251721384,0,0,0.9048525474965572
VFG041293,0.9761214137077332,1,1,0.9522428274154664
VFG013652,0.9990909099578857,1,1,0.9981818199157715
VFG036039,0.9391674280166626,1,1,0.8783348560333253
sp|Q5UQ27|RABL_MIMIV,0.08346691206097603,0,0,0.833066175878048
VFG026074,0.9514103412628174,1,1,0.9028206825256349
VFG007498,0.9895721316337586,1,1,0.9791442632675171
VFG018071,0.9340169668197632,1,1,0.8680339336395264
sp|Q83F59|TOLB_COXBU,0.6513551235198974,1,0,0.3027102470397949
VFG015978,0.9752725005149842,1,1,0.9505450010299683
VFG000252,0.9801499009132385,1,1,0.960299801826477
sp|A0A455R413|ASCA_ACREG,0.018793391669169067,0,0,0.9624132166616619
VFG040183,0.9956328392028808,1,1,0.9912656784057616
VFG045348,0.9873389720916748,1,1,0.9746779441833495
VFG039503,0.9975158452987671,1,1,0.9950316905975343
sp|P33417|IXR1_YEAST,0.1408877596259117,0,0,0.7182244807481766
gi|147674644|ref|YP_001216035.1|,0.8605744361877441,1,1,0.7211488723754882
VFG010079,0.9975158452987671,1,1,0.9950316905975343
sp|P28274|URA7_YEAST,0.0476722052320838,0,0,0.9046555895358324
VFG013684,0.9839157819747925,1,1,0.9678315639495849
VFG017875,0.26101994812488555,0,1,0.4779601037502289
VFG039486,0.6359564781188964,1,1,0.2719129562377929
VFG010410,1.0,1,1,1.0
VFG042959,0.9975158452987671,1,1,0.9950316905975343
VFG041158,0.999435031414032,1,1,0.998870062828064
sp|P84812|MPHES_MICSP,0.07464128360152245,0,0,0.8507174327969551
VFG022943,0.9839157819747925,1,1,0.9678315639495849
sp|P14081|SELB_ECOLI,0.21563355028629302,0,0,0.5687328994274139
sp|P00447|SODM_YEAST,0.03733006976544857,0,0,0.9253398604691029
sp|P43099|DCOR_LACS3,0.11659020707011222,0,0,0.7668195858597755
VFG044425,0.9187445402145386,1,1,0.8374890804290771
sp|A0A0K2JLU1|CREM_STRCM,0.34863641262054446,0,0,0.3027271747589111
sp|Q9K0N4|DNAK_NEIMB,0.488392049074173,0,0,0.02321590185165401
VFG030507,0.895496380329132,1,1,0.7909927606582641
VFG014961,0.9858568787574769,1,1,0.9717137575149537
VFG043373,0.9372756838798523,1,1,0.8745513677597045
sp|O52327|ARNT_SALTY,0.7876772522926331,1,0,0.5753545045852662
sp|P9WHP9|TRUA_MYCTU,0.06277185901999474,0,0,0.8744562819600106
VFG047170,0.9944317936897278,1,1,0.9888635873794556
VFG023136,1.0,1,1,1.0
sp|Q57CD7|FLUC1_BRUAB,0.4412892460823059,0,0,0.11742150783538818
VFG007508,0.9473482131958008,1,1,0.8946964263916015
sp|P73263|THIO2_SYNY3,0.09316404908895493,0,0,0.8136719018220901
sp|Q8NT41|MGTA_CORGL,0.6345380902290344,1,0,0.2690761804580688
sp|O14217|TOM70_SCHPO,0.04113851673901081,0,0,0.9177229665219784
VFG035345,0.9923361301422119,1,1,0.9846722602844238
VFG002016,0.9949113368988037,1,1,0.9898226737976075
VFG000201,0.9975158452987671,1,1,0.9950316905975343
sp|Q5AME2|ARO1_CANAL,0.07063097953796386,0,0,0.8587380409240722
VFG006913,0.9965984106063843,1,1,0.9931968212127686
VFG005589,0.9630004525184631,1,1,0.9260009050369262
sp|W7LFK5|VELB_GIBM7,0.13733048886060714,0,0,0.7253390222787857
VFG052082,0.9885550737380981,1,1,0.9771101474761963
sp|O32445|NAGA_VIBCH,0.35189440846443176,0,0,0.2962111830711365
VFG013749,0.7837449669837951,1,1,0.5674899339675903
sp|Q5UQW1|YL376_MIMIV,0.020435635186731815,0,0,0.9591287296265364
sp|P49960|PRP24_YEAST,0.007306458987295627,0,0,0.9853870820254087
sp|P51601|GCH1_YEAST,0.06495175659656524,0,0,0.8700964868068695
VFG043404,0.6858220338821411,1,1,0.37164406776428227
VFG040980,0.9830668687820434,1,1,0.9661337375640868
VFG041456,0.954911208152771,1,1,0.909822416305542
VFG005926,0.9690670609474182,1,1,0.9381341218948365
gi|15641034|ref|NP_230666.1|,0.8758973598480224,1,1,0.7517947196960448
sp|P80967|TOM5_YEAST,0.13111041784286498,0,0,0.73777916431427
sp|Q9ZGI5|PIKA1_STRVZ,0.6810001850128173,1,0,0.3620003700256347
VFG051978,0.6780238151550293,1,1,0.3560476303100586
sp|A0A0H2ZQT7|WALJ_STRP2,0.4030052721500397,0,0,0.19398945569992065
sp|Q720Y7|TARI_LISMF,0.1787576913833618,0,0,0.6424846172332763
VFG043024,0.9956328392028808,1,1,0.9912656784057616
sp|Q8WZJ8|RPC7_SCHPO,0.0024764076340943577,0,0,0.9950471847318113
VFG018651,0.9915138840675354,1,1,0.9830277681350708
sp|P0DUL7|HKM9_ASPHA,0.012516919896006585,0,0,0.9749661602079869
VFG002337,0.9906702876091004,1,1,0.9813405752182007
sp|P31774|NFUA_HAEIN,0.22523245513439177,0,0,0.5495350897312165
sp|Q49118|FHCD_METEA,0.08067571818828582,0,0,0.8386485636234283
gi|66275865|ref|YP_232950.1|,0.15895846486091614,0,1,0.6820830702781677
VFG044041,0.9871066212654114,1,1,0.9742132425308228
sp|P32504|CBF3A_YEAST,0.0058360185474157335,0,0,0.9883279629051686
VFG022798,0.7234191119670867,1,1,0.4468382239341735
sp|Q12247|FYV7_YEAST,0.0031660628039389847,0,0,0.993667874392122
sp|Q9L9F5|NOVM_STRNV,0.08342699892818928,0,0,0.8331460021436214
sp|P53940|APJ1_YEAST,0.06109109967947006,0,0,0.8778178006410599
VFG007550,0.9699216485023499,1,1,0.9398432970046997
VFG016672,0.9510031700134277,1,1,0.9020063400268554
sp|Q45399|PTEB_GEOSE,0.11447848062962293,0,0,0.7710430387407541
VFG048490,0.994715404510498,1,1,0.989430809020996
sp|P64570|YQGC_ECOLI,0.3625094175338745,0,0,0.274981164932251
sp|Q3JLL8|BETB_BURP1,0.09816388934850692,0,0,0.8036722213029861
VFG034822,0.8996746778488159,1,1,0.7993493556976319
VFG016583,0.9975158452987671,1,1,0.9950316905975343
sp|Q07351|STP4_YEAST,0.05138959884643555,0,0,0.8972208023071289
VFG014142,0.26176350712776186,0,1,0.4764729857444763
VFG015283,0.9839589476585389,1,1,0.9679178953170777
VFG013891,0.9973593115806579,1,1,0.9947186231613159
sp|Q9P358|PGLRA_ASPAW,0.02096409071236849,0,0,0.958071818575263
sp|F1CMX0|KSHA1_RHORH,0.41381990909576416,0,0,0.17236018180847168
VFG013783,0.9885550737380981,1,1,0.9771101474761963
VFG030880,0.7747523307800293,1,1,0.5495046615600585
VFG029558,0.4021370232105255,0,1,0.19572595357894895
sp|O34767|OXDD_BACSU,0.04458401314914227,0,0,0.9108319737017154
sp|Q5NFS1|AROB_FRATT,0.6279642045497894,1,0,0.2559284090995788
sp|P0DV26|PYCC2_ECOLX,0.09482599720358849,0,0,0.810348005592823
gi|26249427|ref|NP_755467.1|,0.9636822581291199,1,1,0.9273645162582398
VFG029737,0.9433899044990539,1,1,0.8867798089981078
sp|P27745|ACOA_CUPNH,0.06552094742655754,0,0,0.8689581051468849
sp|P87169|MAD1_SCHPO,0.013520321855321527,0,0,0.9729593562893569
VFG019775,0.9517608642578125,1,1,0.903521728515625
sp|P0CB77|SEPF_STRPN,0.5364748656749725,1,0,0.07294973134994498
VFG010846,1.0,1,1,1.0
VFG042078,0.9939939022064209,1,1,0.9879878044128418
VFG038399,0.9990909099578857,1,1,0.9981818199157715
sp|A0A5B8Z260|THSB2_BACDA,0.42061049342155454,0,0,0.1587790131568909
sp|A1AXZ2|SFGH_PARDP,0.03894671499729156,0,0,0.9221065700054168
sp|Q6GEY1|TENA_STAAR,0.3174977719783783,0,0,0.3650044560432434
VFG043600,0.9975158452987671,1,1,0.9950316905975343
VFG015876,0.986330258846283,1,1,0.972660517692566
sp|P45514|DHAB_CITFR,0.1677845761179924,0,0,0.6644308477640152
gi|126209365|ref|YP_001054590.1|,0.4248030185699463,0,1,0.15039396286010742
VFG043391,0.22281601130962372,0,1,0.5543679773807526
sp|O34507|PRKC_BACSU,0.36681323051452636,0,0,0.2663735389709473
VFG011956,0.9975158452987671,1,1,0.9950316905975343
gi|15640746|ref|NP_230376.1|,0.436104379594326,0,1,0.12779124081134796
VFG050013,0.8357478857040406,1,1,0.6714957714080811
VFG002415,0.9748361945152283,1,1,0.9496723890304566
VFG042760,0.9931280970573425,1,1,0.986256194114685
VFG002682,0.9973593115806579,1,1,0.9947186231613159
VFG005908,0.9800742030143738,1,1,0.9601484060287475
fig|169963.11.peg.44|lmo0043|VBILisMon69206_0044|,0.19182018637657167,0,1,0.6163596272468567
VFG007823,0.9793809533119202,1,1,0.9587619066238404
VFG013188,0.7693452835083008,1,1,0.5386905670166016
sp|O34385|MNTA_BACSU,0.29178959131240845,0,0,0.4164208173751831
VFG051598,0.9949114799499512,1,1,0.9898229598999024
sp|P9WQ45|FAD25_MYCTU,0.9811689376831054,1,0,0.9623378753662108
sp|O34750|YFML_BACSU,0.23296435475349425,0,0,0.5340712904930115
sp|P0AFE0|NUOJ_ECOLI,0.03158805016428232,0,0,0.9368238996714353
sp|P40471|AYR1_YEAST,0.033168071322143076,0,0,0.9336638573557139
sp|A0R1C2|DHE2_MYCS2,0.09766385406255722,0,0,0.8046722918748855
gi|9625885|ref|NP_040133.1|,0.1555289477109909,0,1,0.6889421045780182
sp|C5G6D7|CABC2_BACT4,0.08252972066402435,0,0,0.8349405586719513
VFG034975,0.9949113368988037,1,1,0.9898226737976075
sp|P9WPF7|CDSA_MYCTU,0.19744916558265685,0,0,0.6051016688346863
sp|P9WKZ1|ATSK_MYCTU,0.3023045301437378,0,0,0.39539093971252437
VFG022356,0.9708284378051758,1,1,0.9416568756103516
sp|O83553|PFP_TREPA,0.20641376227140426,0,0,0.5871724754571914
VFG016646,0.9939939022064209,1,1,0.9879878044128418
VFG042625,0.9990909099578857,1,1,0.9981818199157715
gi|15608344|ref|NP_215720.1|,0.8122941851615906,1,1,0.6245883703231812
sp|Q9RVP2|CATNT_DEIRA,0.22732462882995605,0,0,0.5453507423400878
sp|P39079|TCPZ_YEAST,0.03430296201258898,0,0,0.931394075974822
sp|P04576|MIBP_PSESP,0.29877017736434935,0,0,0.4024596452713013
VFG021373,0.994715404510498,1,1,0.989430809020996
sp|B1YSS6|DDL_BURA4,0.25900668650865555,0,0,0.4819866269826889
sp|A4IT50|RIBF_GEOTN,0.13879204392433167,0,0,0.7224159121513367
VFG037929,0.9866571426391602,1,1,0.9733142852783203
VFG049636,0.9934486031532288,1,1,0.9868972063064576
sp|P07913|TDH_ECOLI,0.07369543761014938,0,0,0.8526091247797012
sp|Q10208|KPYK_SCHPO,0.1228887677192688,0,0,0.7542224645614624
gi|15608463|ref|NP_215839.1|,0.07638483196496963,0,1,0.8472303360700607
VFG017058,0.9985259413719177,1,1,0.9970518827438355
sp|Q88FX9|NICA_PSEPK,0.08066453337669373,0,0,0.8386709332466126
VFG008134,0.671390151977539,1,1,0.3427803039550781
VFG041055,0.9887874245643615,1,1,0.9775748491287231
sp|P20459|IF2A_YEAST,0.01204240438528359,0,0,0.9759151912294328
sp|Q9I5W0|DNAG_PSEAE,0.2422000214457512,0,0,0.5155999571084976
sp|P37698|GUNF_RUMCH,0.16628546118736268,0,0,0.6674290776252747
VFG013645,0.9839589476585389,1,1,0.9679178953170777
sp|O32241|SDPI_BACSU,0.29983784556388854,0,0,0.4003243088722229
VFG029907,0.9748361945152283,1,1,0.9496723890304566
VFG002354,0.9923361301422119,1,1,0.9846722602844238
sp|P30798|GPMA_ZYMMO,0.04351946897804737,0,0,0.9129610620439053
VFG020008,0.9967943429946899,1,1,0.9935886859893799
sp|Q0CRP9|AZPA4_ASPTN,0.039120547473430634,0,0,0.9217589050531387
sp|O94582|TRPE_SCHPO,0.38205293416976926,0,0,0.23589413166046147
VFG047073,0.9990909099578857,1,1,0.9981818199157715
VFG025811,0.9458873748779297,1,1,0.8917747497558595
VFG041291,1.0,1,1,1.0
sp|P35202|THI80_YEAST,0.019162600673735142,0,0,0.9616747986525297
VFG041797,0.9874135494232178,1,1,0.9748270988464356
VFG001752,0.9985259413719177,1,1,0.9970518827438355
VFG042609,1.0,1,1,1.0
VFG000970,0.9668805718421936,1,1,0.9337611436843871
sp|P11435|CPPM_STRHY,0.060906671732664106,0,0,0.8781866565346718
sp|Q72E47|SYV_DESVH,0.04899687059223652,0,0,0.902006258815527
VFG051862,0.9967943429946899,1,1,0.9935886859893799
sp|P0DSF4|YNFU_ECOLI,0.05056220181286335,0,0,0.8988755963742733
sp|Q08219|RRT8_YEAST,0.013520321855321527,0,0,0.9729593562893569
VFG042779,0.9921110391616821,1,1,0.9842220783233642
sp|Q03034|FDC1_YEAST,0.045756783708930014,0,0,0.90848643258214
VFG041394,0.9980808138847351,1,1,0.9961616277694703
sp|Q9K9K7|Y2638_HALH5,0.08198293596506119,0,0,0.8360341280698776
sp|O43001|SYJ1_SCHPO,0.05044097900390625,0,0,0.8991180419921875
VFG000949,0.9975158452987671,1,1,0.9950316905975343
VFG045497,0.8336994647979736,1,1,0.6673989295959473
VFG001269,0.9767772912979126,1,1,0.9535545825958252
sp|O13397|ATN1_SCHOC,0.06588812917470932,0,0,0.8682237416505814
sp|P06634|DED1_YEAST,0.05167829003185034,0,0,0.8966434199362994
VFG015464,0.9914551377296448,1,1,0.9829102754592896
sp|P16539|TCML_STRGA,0.11381178051233291,0,0,0.7723764389753341
VFG011781,0.9975158452987671,1,1,0.9950316905975343
VFG015792,0.9990909099578857,1,1,0.9981818199157715
VFG049954,0.9576186776161194,1,1,0.9152373552322388
sp|O05523|TATCY_BACSU,0.0627181138843298,0,0,0.8745637722313404
VFG011313,0.9959533452987671,1,1,0.9919066905975342
sp|P33673|CHIS_NIACI,0.17860530316829681,0,0,0.6427893936634064
gi|15900504|ref|NP_345108.1|,0.9773572444915771,1,1,0.9547144889831543
sp|P25361|YCT3_YEAST,0.026280827447772027,0,0,0.9474383451044559
sp|O34340|FABF_BACSU,0.15568304061889648,0,0,0.688633918762207
VFG009986,0.9990909099578857,1,1,0.9981818199157715
VFG022779,0.9041378140449524,1,1,0.8082756280899048
VFG017983,0.8227041959762573,1,1,0.6454083919525146
VFG000161,0.9922845005989075,1,1,0.984569001197815
VFG013763,0.9876742005348206,1,1,0.9753484010696412
VFG044261,0.5795484781265259,1,1,0.15909695625305176
sp|Q00816|REG1_YEAST,0.04437860362231731,0,0,0.9112427927553653
VFG007520,0.9990909099578857,1,1,0.9981818199157715
sp|B2SQQ2|RPOC_XANOP,0.05458234045654535,0,0,0.8908353190869093
sp|B7H1N2|MURD_ACIB3,0.1876528412103653,0,0,0.6246943175792694
sp|P9WFZ7|Y1283_MYCTU,0.5309866905212403,1,0,0.06197338104248051
sp|A2RIQ0|PANT_LACLM,0.18918829560279846,0,0,0.621623408794403
sp|P65367|YQCA_ECOLI,0.051973176375031474,0,0,0.8960536472499371
sp|P32843|YME2_YEAST,0.0007220216561108827,0,0,0.9985559566877782
sp|Q04093|YD444_YEAST,0.0031660628039389847,0,0,0.993667874392122
VFG000874,0.9985259413719177,1,1,0.9970518827438355
VFG042386,0.989804482460022,1,1,0.9796089649200439
VFG041747,0.9958064436912537,1,1,0.9916128873825074
VFG048527,0.974753201007843,1,1,0.949506402015686
sp|A0A482N9T9|ICCB_TALVA,0.0166806198656559,0,0,0.9666387602686882
sp|Q12358|JLP1_YEAST,0.011577863246202469,0,0,0.9768442735075951
VFG042835,0.9602776765823364,1,1,0.9205553531646729
VFG008287,0.9985259413719177,1,1,0.9970518827438355
VFG050173,0.9351555705070496,1,1,0.8703111410140991
gi|9631269|ref|NP_048049.1|,0.35801469087600707,0,1,0.28397061824798586
VFG004552,0.7890260815620422,1,1,0.5780521631240845
VFG048880,0.9545240759849548,1,1,0.9090481519699096
sp|Q2UIM2|ABFB_ASPOR,0.043494347110390665,0,0,0.9130113057792186
sp|Q03084|WBBD_ECOLX,0.9411725044250489,1,0,0.8823450088500977
sp|Q5SHL6|CHDC_THET8,0.009483329579234123,0,0,0.9810333408415317
sp|C1CMI6|SCPA_STRZP,0.7610381484031677,1,0,0.5220762968063355
VFG023092,0.9990909099578857,1,1,0.9981818199157715
sp|P9WKT5|Y500B_MYCTU,0.08579442948102951,0,0,0.828411141037941
sp|P39615|UNG_BACSU,0.0595202449709177,0,0,0.8809595100581646
VFG002542,0.9439502358436584,1,1,0.8879004716873169
sp|P94431|YCNI_BACSU,0.003388688387349248,0,0,0.9932226232253015
VFG015430,0.9959285378456115,1,1,0.9918570756912231
fig|169963.11.peg.833|lmo0810|VBILisMon69206_0833|,0.43878107964992524,0,1,0.12243784070014951
VFG008079,0.9871066212654114,1,1,0.9742132425308228
sp|Q2SU58|ENGB_BURTA,0.2830655574798584,0,0,0.4338688850402832
VFG045374,0.9949113368988037,1,1,0.9898226737976075
sp|P46951|YPP1_YEAST,0.018476647138595582,0,0,0.9630467057228088
VFG004562,0.9689397573471069,1,1,0.9378795146942138
sp|Q9P381|CDSH_SCHPO,0.04630028381943703,0,0,0.907399432361126
VFG021867,0.8912482380867004,1,1,0.7824964761734008
sp|P38130|KTR3_YEAST,0.12241803407669068,0,0,0.7551639318466187
VFG021871,0.9850952982902527,1,1,0.9701905965805053
VFG007453,0.9967943429946899,1,1,0.9935886859893799
sp|P37569|MCSA_BACSU,0.03545986507087946,0,0,0.9290802698582411
VFG001948,0.9873389720916748,1,1,0.9746779441833495
sp|Q03707|SRC1_YEAST,0.05735386647284031,0,0,0.8852922670543194
sp|P39177|USPG_ECOLI,0.17084304094314576,0,0,0.6583139181137085
sp|Q12308|TFC8_YEAST,0.0,0,0,1.0
VFG039074,0.9450927972793579,1,1,0.8901855945587158
VFG041900,0.9298367142677307,1,1,0.8596734285354615
VFG041168,0.9940455317497253,1,1,0.9880910634994506
sp|P9WKW9|Y3786_MYCTU,0.4842604875564575,0,0,0.03147902488708498
VFG044304,0.9579870939254761,1,1,0.9159741878509522
VFG050245,0.9985259413719177,1,1,0.9970518827438355
VFG041372,0.9906702876091004,1,1,0.9813405752182007
sp|P06701|SIR3_YEAST,0.00543406349606812,0,0,0.9891318730078638
sp|P63538|END4_STAAN,0.10405066087841988,0,0,0.7918986782431603
VFG042216,0.9959285378456115,1,1,0.9918570756912231
sp|M1RNJ8|ATH1_CANGB,0.012663123616948723,0,0,0.9746737527661026
sp|A3DH67|GUNS_ACET2,0.0884830266237259,0,0,0.8230339467525483
sp|P9WGK1|DOST_MYCTU,0.9704218506813049,1,0,0.9408437013626099
sp|Q10344|TCTP_SCHPO,0.04766013883054256,0,0,0.9046797223389149
VFG015332,0.6420045375823975,1,1,0.284009075164795
VFG013118,0.9990909099578857,1,1,0.9981818199157715
sp|Q57142|C554_NITEU,0.009897303627803921,0,0,0.9802053927443921
sp|P0CX77|ASP22_YEAST,0.020435635186731815,0,0,0.9591287296265364
sp|P83446|OM29_ACIBA,0.32419649362564085,0,0,0.3516070127487183
gi|74275591|gb|ABA02268.1|,0.24572071433067322,0,1,0.5085585713386536
sp|W0TA43|ATG13_KLUMD,0.035165784694254396,0,0,0.9296684306114912
sp|P19956|RM44_YEAST,0.011889873631298542,0,0,0.9762202527374029
VFG006466,0.9959285378456115,1,1,0.9918570756912231
sp|A0A0C1BWC7|PBOC_ASPUT,0.05435601677745581,0,0,0.8912879664450883
VFG002196,0.776615846157074,1,1,0.553231692314148
sp|P03961|KDPC_ECOLI,0.08883055299520493,0,0,0.8223388940095901
sp|O24973|ARSR_HELPY,0.7188286483287811,1,0,0.43765729665756226
sp|P0A7J0|RIBB_ECOLI,0.009897303627803921,0,0,0.9802053927443921
gi|51557510|ref|YP_068344.1|,0.3084944784641266,0,1,0.3830110430717468
sp|Q12068|GRE2_YEAST,0.025876248069107533,0,0,0.9482475038617849
gi|70996160|ref|XP_752835.1|,0.07614401578903199,0,1,0.8477119684219361
VFG038361,0.9931280970573425,1,1,0.986256194114685
gi|330789|gb|AAA66548.1|,0.3442438721656799,0,1,0.31151225566864016
sp|P45207|SSPA_HAEIN,0.376353257894516,0,0,0.24729348421096797
sp|P39653|DEXT_STRDO,0.7802549600601196,1,0,0.5605099201202393
sp|Q99385|VCX1_YEAST,0.27682496309280397,0,0,0.44635007381439207
VFG042595,0.9975158452987671,1,1,0.9950316905975343
VFG044343,0.8253274202346802,1,1,0.6506548404693604
sp|P9WKU7|Y493_MYCTU,0.4021990180015564,0,0,0.19560196399688723
sp|O05572|GPPS_MYCTU,0.12223533689975738,0,0,0.7555293262004852
fig|83331.22.peg.2695|MT2466|VBIMycTub22151_2695|,0.3298198044300079,0,1,0.3403603911399842
VFG025051,0.9990909099578857,1,1,0.9981818199157715
VFG010495,0.9794323205947876,1,1,0.9588646411895752
sp|E2JA32|DDAG_ENTAG,0.7962142586708069,1,0,0.5924285173416137
sp|P24280|SEC14_YEAST,0.09378687292337418,0,0,0.8124262541532516
VFG015904,0.9924830317497253,1,1,0.9849660634994506
sp|P47018|MTC1_YEAST,0.054018713533878326,0,0,0.8919625729322433
sp|P9WN25|TRHBN_MYCTU,0.1208256721496582,0,0,0.7583486557006835
VFG050220,0.9152791023254394,1,1,0.8305582046508788
sp|P0C069|MEPA_PSEPU,0.30493996739387513,0,0,0.39012006521224973
sp|P07648|RECC_ECOLI,0.3229220449924469,0,0,0.35415591001510616
sp|P38830|NDT80_YEAST,0.020435635186731815,0,0,0.9591287296265364
sp|O06836|STYC_PSEFL,0.08135472014546394,0,0,0.8372905597090721
VFG038759,0.8079418659210205,1,1,0.6158837318420409
VFG013105,0.9975158452987671,1,1,0.9950316905975343
VFG039641,1.0,1,1,1.0
sp|Q7A711|TAGX_STAAN,0.8918199419975281,1,0,0.7836398839950562
sp|O86237|Y138A_HAEIN,0.517155647277832,1,0,0.03431129455566406
sp|P36204|PGKT_THEMA,0.009897303627803921,0,0,0.9802053927443921
sp|P77179|RSXE_ECOLI,0.10146677233278752,0,0,0.797066455334425
sp|Q9UT35|GDA1_SCHPO,0.0761477954685688,0,0,0.8477044090628624
VFG042017,0.9975158452987671,1,1,0.9950316905975343
sp|Q81CB1|PRSA4_BACCR,0.24483391046524047,0,0,0.510332179069519
VFG039649,0.9990909099578857,1,1,0.9981818199157715
sp|P22864|PELD_ASPNG,0.020435635186731815,0,0,0.9591287296265364
VFG041032,0.9990909099578857,1,1,0.9981818199157715
VFG000395,0.9989899039268494,1,1,0.9979798078536988
VFG042577,0.9904016375541687,1,1,0.9808032751083373
sp|P35187|SGS1_YEAST,0.03817745801061392,0,0,0.9236450839787722
sp|P00197|FER_CLOSM,0.03346446566283703,0,0,0.933071068674326
sp|P0A7Y0|RNC_ECOLI,0.08920919001102448,0,0,0.8215816199779511
VFG042373,0.9985259413719177,1,1,0.9970518827438355
sp|Q3S2U3|MOKG_MONPI,0.1408637285232544,0,0,0.7182725429534912
sp|P47156|JHD2_YEAST,0.019976131990551947,0,0,0.9600477360188961
VFG041075,0.9980808138847351,1,1,0.9961616277694703
sp|Q5A6M2|RBR2_CANAL,0.06571463346481324,0,0,0.8685707330703736
sp|Q9P7W8|RSC9_SCHPO,0.004495606618002057,0,0,0.9910087867639958
VFG004933,0.9955740928649902,1,1,0.9911481857299804
sp|P34918|G3P3_TRIV2,0.032981274835765365,0,0,0.9340374503284693
sp|P0A761|NANE_ECOLI,0.013553219847381115,0,0,0.9728935603052378
VFG015840,0.9868739366531372,1,1,0.9737478733062743
sp|Q9KI21|SURE_COXBU,0.23794200420379638,0,0,0.5241159915924072
gi|56707547|ref|YP_169443.1|,0.9990909099578857,1,1,0.9981818199157715
VFG041351,0.7810162544250489,1,1,0.5620325088500977
VFG048856,0.9908171892166138,1,1,0.9816343784332275
VFG030230,0.5660097301006317,1,1,0.13201946020126343
sp|O06728|YISP_BACSU,0.047544749453663826,0,0,0.9049105010926723
sp|O06644|FCTA_OXAFO,0.06698734983801842,0,0,0.8660253003239632
VFG044383,0.05299527682363987,0,1,0.8940094463527203
sp|P07334|CDR1_SCHPO,0.04061006121337414,0,0,0.9187798775732517
VFG051528,0.9975158452987671,1,1,0.9950316905975343
sp|P25969|CH10_CERSP,0.09860429316759109,0,0,0.8027914136648178
VFG022735,0.9914186954498291,1,1,0.9828373908996582
sp|Q01679|LAC1_PHLRA,0.01893615033477545,0,0,0.9621276993304491
VFG041540,0.9967943429946899,1,1,0.9935886859893799
VFG022523,0.987906551361084,1,1,0.9758131027221679
sp|Q9WT32|SCP_HHV6Z,0.1412084296345711,0,0,0.7175831407308578
VFG002702,0.5196057081222534,1,1,0.03921141624450675
VFG042317,0.9975158452987671,1,1,0.9950316905975343
sp|F5H9W9|TEG7_HHV8P,0.2305707484483719,0,0,0.5388585031032562
sp|P02962|NODA_RHIME,0.14670161306858062,0,0,0.7065967738628387
sp|P42624|YHAK_ECOLI,0.10440951734781265,0,0,0.7911809653043747
VFG040669,0.9759283781051635,1,1,0.9518567562103271
VFG043085,0.9498655915260314,1,1,0.8997311830520629
VFG025564,0.9939939022064209,1,1,0.9879878044128418
VFG041045,0.9824589371681214,1,1,0.9649178743362428
VFG016780,0.9885550737380981,1,1,0.9771101474761963
sp|P0A9U3|YBIT_ECOLI,0.37327504754066465,0,0,0.2534499049186707
sp|E8LIC0|METAA_SUCHY,0.1383653998374939,0,0,0.7232692003250122
sp|Q9X6V6|RLPA_PSEAE,0.29847184419631956,0,0,0.4030563116073609
sp|P9WI03|PPE33_MYCTU,0.9640737891197204,1,0,0.9281475782394408
VFG013677,0.9778263092041015,1,1,0.955652618408203
sp|A2RKA5|NUPC_LACLM,0.25171416699886323,0,0,0.49657166600227354
VFG051995,0.9794585466384887,1,1,0.9589170932769775
VFG043827,0.9943660378456116,1,1,0.9887320756912232
VFG007278,0.9521116614341736,1,1,0.9042233228683472
sp|P11959|DLDH1_GEOSE,0.051103313267230985,0,0,0.897793373465538
VFG019787,0.9839589476585389,1,1,0.9679178953170777
gi|56707292|ref|YP_169188.1|,0.48498680591583254,0,1,0.030026388168334917
fig|511145.12.peg.3232|b3137|VBIEscCol129921_3232|,0.057488680258393286,0,1,0.8850226394832135
sp|Q02873|YP107_YEAST,0.06954444721341133,0,0,0.8609111055731773
sp|P0C624|CSN8_EMENI,0.011307403678074479,0,0,0.977385192643851
sp|P9WIT9|OTC_MYCTU,0.09635539799928665,0,0,0.8072892040014267
sp|P32727|NUSA_BACSU,0.07448293566703797,0,0,0.8510341286659241
VFG043950,0.9922845005989075,1,1,0.984569001197815
sp|P99171|EFTS_STAAN,0.03158805016428232,0,0,0.9368238996714353
VFG001328,0.3285971701145172,0,1,0.34280565977096555
sp|Q92398|SPM1_SCHPO,0.2550975166261196,0,0,0.48980496674776075
VFG002181,0.552417004108429,1,1,0.10483400821685795
VFG051483,0.8894773125648499,1,1,0.7789546251296997
fig|216592.3.peg.5125|EC042_pAA031|VBIEscCol52250_5125|,0.9985259413719177,1,1,0.9970518827438355
sp|P13186|KIN2_YEAST,0.06223152875900269,0,0,0.8755369424819947
sp|O34206|KINB_PSEAI,0.21770672500133514,0,0,0.5645865499973297
VFG050223,0.7509716272354126,1,1,0.5019432544708251
sp|O66512|HFQ_AQUAE,0.16273106038570403,0,0,0.6745378792285919
sp|Q2FZF1|RL32_STAA8,0.01503393817692995,0,0,0.9699321236461401
VFG051564,0.9901692867279053,1,1,0.9803385734558105
sp|P39597|EFEB_BACSU,0.15793066769838332,0,0,0.6841386646032334
sp|Q9RSS9|RL10_DEIRA,0.009807918826118112,0,0,0.9803841623477638
gi|126208909|ref|YP_001054134.1|,0.7753809332847595,1,1,0.5507618665695191
sp|P38853|KEL1_YEAST,0.021997356601059437,0,0,0.9560052867978811
VFG011236,0.9942191362380981,1,1,0.9884382724761962
VFG040516,0.9990909099578857,1,1,0.9981818199157715
VFG000710,0.42838330268859864,0,1,0.1432333946228027
sp|Q5ATC7|PLYH_EMENI,0.03542045596987009,0,0,0.9291590880602598
VFG041238,0.9930693507194519,1,1,0.9861387014389038
sp|P0C0Z7|CH60_CHLTR,0.5922144412994385,1,0,0.1844288825988769
VFG014370,0.9800369262695312,1,1,0.9600738525390624
VFG024333,0.9967943429946899,1,1,0.9935886859893799
VFG011535,0.7441059112548828,1,1,0.4882118225097656
sp|I6XD69|PKS12_MYCTU,0.9344674468040466,1,0,0.8689348936080932
VFG030939,0.9855879426002503,1,1,0.9711758852005006
VFG000511,0.999435031414032,1,1,0.998870062828064
VFG019085,0.9798547387123108,1,1,0.9597094774246215
sp|Q841V6|IABF_BIFLN,0.05175291933119297,0,0,0.8964941613376141
VFG041580,0.9985259413719177,1,1,0.9970518827438355
sp|Q72NJ3|DAPAT_LEPIC,0.1967493936419487,0,0,0.6065012127161026
sp|Q79FV4|CYSK2_MYCTU,0.5684686005115509,1,0,0.1369372010231018
VFG041251,0.9958769083023071,1,1,0.9917538166046143
VFG038354,0.9990909099578857,1,1,0.9981818199157715
VFG043799,0.9348633289337158,1,1,0.8697266578674316
sp|P52119|RATB_ECOLI,0.014756399393081664,0,0,0.9704872012138367
VFG007927,0.9858568787574769,1,1,0.9717137575149537
VFG042118,0.9881236791610718,1,1,0.9762473583221436
VFG042162,0.9601467251777649,1,1,0.9202934503555298
VFG009505,0.972855269908905,1,1,0.9457105398178101
sp|Q5HGD2|GLPK_STAAC,0.16812663227319719,0,0,0.6637467354536056
sp|O25249|PGBA_HELPY,0.9000165581703186,1,0,0.8000331163406371
sp|Q09739|MCP7_SCHPO,0.023816348798573018,0,0,0.9523673024028539
sp|P14165|CISY_PSEAE,0.08174442201852798,0,0,0.836511155962944
VFG009413,0.8824030518531799,1,1,0.7648061037063598
sp|P0A9D2|GSTA_ECOLI,0.02262743692845106,0,0,0.9547451261430979
VFG010258,1.0,1,1,1.0
VFG011224,0.9428640007972717,1,1,0.8857280015945435
sp|Q12108|RTC5_YEAST,0.013117190264165402,0,0,0.9737656194716692
gi|71002828|ref|XP_756095.1|,0.017789989709854126,0,1,0.9644200205802917
sp|P04964|DAPDH_CORGL,0.08239109963178634,0,0,0.8352178007364273
sp|O34498|YOPT_BACSU,0.09766385406255722,0,0,0.8046722918748855
VFG052288,0.9832675933837891,1,1,0.9665351867675782
sp|Q8VQF6|CINA_CITBR,0.028425928205251694,0,0,0.9431481435894966
sp|O85675|ANTDC_ACIAD,0.392269504070282,0,0,0.215460991859436
sp|P41427|PIF2_NPVAC,0.22783585488796235,0,0,0.5443282902240754
VFG043944,0.9933017015457153,1,1,0.9866034030914306
sp|Q8KN33|PCPF_SPHCR,0.13287317603826523,0,0,0.7342536479234696
VFG042445,0.8052761793136597,1,1,0.6105523586273194
VFG000246,0.7092001080513001,1,1,0.41840021610260014
sp|P96724|NFI_BACSU,0.042552825435996054,0,0,0.9148943491280079
sp|P19454|CSK22_YEAST,0.09291011393070221,0,0,0.8141797721385956
VFG019779,0.8845888614654541,1,1,0.7691777229309082
sp|P38260|FES1_YEAST,0.04991252347826958,0,0,0.9001749530434608
VFG045713,0.9852086901664734,1,1,0.9704173803329468
VFG006526,0.9958064436912537,1,1,0.9916128873825074
sp|P68866|DNAA_STAAN,0.16919362246990205,0,0,0.6616127550601959
sp|Q72J35|UPP_THET2,0.024298103339970113,0,0,0.9514037933200598
VFG043555,0.948850679397583,1,1,0.8977013587951661
VFG022028,0.9866571426391602,1,1,0.9733142852783203
sp|P61316|LOLA_ECOLI,0.11377279311418534,0,0,0.7724544137716294
VFG011616,0.5514330506324768,1,1,0.10286610126495366
VFG006537,0.9975158452987671,1,1,0.9950316905975343
sp|E9F5E9|SUBD_METRA,0.018390260078012942,0,0,0.9632194798439742
VFG000329,0.9703426837921143,1,1,0.9406853675842286
gi|110805256|ref|YP_688776.1|,0.4597183585166931,0,1,0.08056328296661375
sp|Q09873|WDR21_SCHPO,0.011889873631298542,0,0,0.9762202527374029
sp|P40814|T3MO_SALTY,0.1894054666161537,0,0,0.6211890667676926
VFG016377,0.8942289113998413,1,1,0.7884578227996826
gi|15598072|ref|NP_251566.1|,0.061407876759767534,0,1,0.8771842464804649
sp|E1ACR3|NOTR_ASPSM,0.05224962830543518,0,0,0.8955007433891297
sp|P39625|SPSE_BACSU,0.7057834267616272,1,0,0.4115668535232544
sp|P00270|RUBR_MEGGA,0.023315481096506118,0,0,0.9533690378069878
sp|P22138|RPA2_YEAST,0.013352778786793352,0,0,0.9732944424264133
VFG039723,0.716195809841156,1,1,0.4323916196823121
sp|P70947|YITU_BACSU,0.027943464554846288,0,0,0.9441130708903074
sp|Q81SV3|Y1542_BACAN,0.09878478050231934,0,0,0.8024304389953614
gi|799339219|ref|XP_012051855.1|,0.11576961874961852,0,1,0.7684607625007629
sp|Q10317|MED20_SCHPO,0.014488988555967808,0,0,0.9710220228880644
VFG002530,0.9636424303054809,1,1,0.9272848606109618
VFG031254,0.9873389720916748,1,1,0.9746779441833495
VFG044404,0.8948400616645813,1,1,0.7896801233291626
sp|Q9I7C4|DPO3B_PSEAE,0.2094482362270355,0,0,0.581103527545929
VFG041257,0.9949113368988037,1,1,0.9898226737976075
sp|P06533|SINR_BACSU,0.3093337118625641,0,0,0.3813325762748718
fig|652616.3.peg.723|ERDMAN_0714|VBIMycTub1140_0723|,0.9060498952865601,1,1,0.8120997905731202
VFG039431,0.9971633791923523,1,1,0.9943267583847046
VFG000957,0.9820178508758545,1,1,0.9640357017517089
sp|P53314|CPD1_YEAST,0.15379990935325621,0,0,0.6924001812934876
sp|P60069|CLRB_IDEDE,0.04829587824642658,0,0,0.9034082435071469
VFG010379,0.9975158452987671,1,1,0.9950316905975343
VFG044371,0.559171611070633,1,1,0.11834322214126591
VFG043366,0.9868894934654235,1,1,0.9737789869308471
VFG035879,0.7076027154922485,1,1,0.415205430984497
sp|P29989|PYG4_NOSS1,0.0651528112590313,0,0,0.8696943774819375
VFG038739,0.9881236791610718,1,1,0.9762473583221436
sp|O94225|HOSM_PENRW,0.12540155202150344,0,0,0.7491968959569931
sp|P66838|RSBV_STAAN,0.501451826095581,1,0,0.002903652191162065
VFG048773,0.9914186954498291,1,1,0.9828373908996582
VFG012825,0.49689767360687254,0,1,0.006204652786254927
VFG007194,0.9851655244827271,1,1,0.9703310489654542
VFG016603,0.9930284738540649,1,1,0.9860569477081298
gi|83315853|ref|XP_730972.1|,0.3515278220176697,0,1,0.2969443559646606
VFG043526,0.9868894934654235,1,1,0.9737789869308471
VFG041283,0.9990909099578857,1,1,0.9981818199157715
sp|Q9I4E3|DDAH_PSEAE,0.052306166291236876,0,0,0.8953876674175263
gi|15603358|ref|NP_246432.1|,0.3995061531662941,0,1,0.20098769366741176
fig|83332.12.peg.4075|Rv3655c|VBIMycTub87468_4075|,0.8508089780807495,1,1,0.701617956161499
sp|P40508|PUP1_YEAST,0.03694419600069523,0,0,0.9261116079986096
VFG042839,0.8867890119552613,1,1,0.7735780239105225
VFG013235,0.9990909099578857,1,1,0.9981818199157715
VFG042749,0.9743131756782532,1,1,0.9486263513565063
VFG050470,0.9761214137077332,1,1,0.9522428274154664
VFG000344,0.954911208152771,1,1,0.909822416305542
sp|O54029|MMDD_PROMO,0.07464128360152245,0,0,0.8507174327969551
gi|229603736|ref|YP_002868565.1|,0.27299512922763824,0,1,0.4540097415447235
sp|P19478|TA34_TREPA,0.20873925983905792,0,0,0.5825214803218841
sp|P39121|DEOC_BACSU,0.042554591223597525,0,0,0.914890817552805
VFG043651,0.8887601375579834,1,1,0.7775202751159669
sp|P54715|PTOCB_BACSU,0.2935941398143768,0,0,0.41281172037124636
VFG022141,0.9931280970573425,1,1,0.986256194114685
VFG043430,0.9965984106063843,1,1,0.9931968212127686
VFG013833,0.9857629179954529,1,1,0.9715258359909058
sp|O68282|G6PD_PSEAE,0.1896829664707184,0,0,0.6206340670585633
VFG029559,0.2827590793371201,0,1,0.43448184132575984
sp|P9WJK1|NADA_MYCTU,0.13748903423547745,0,0,0.7250219315290451
VFG041195,0.9228229761123657,1,1,0.8456459522247315
VFG006632,0.9203145742416382,1,1,0.8406291484832764
sp|P37530|DGK_BACSU,0.08605160936713219,0,0,0.8278967812657356
sp|P0C0J3|LDH_MESHJ,0.25968189239501954,0,0,0.4806362152099609
sp|Q07555|YD129_YEAST,0.0736992172896862,0,0,0.8526015654206276
sp|A0A6F8RQ06|GRGF_PENSQ,0.012663123616948723,0,0,0.9746737527661026
VFG000843,0.965334689617157,1,1,0.9306693792343139
sp|Q9PNC0|SYR_CAMJE,0.2564546257257462,0,0,0.48709074854850765
gi|59859955|gb|AAX09638.1|,0.12895189374685287,0,1,0.7420962125062942
VFG041732,0.9990909099578857,1,1,0.9981818199157715
sp|P89102|SEC5_YEAST,0.003388688387349248,0,0,0.9932226232253015
VFG045478,0.8160191178321838,1,1,0.6320382356643677
VFG022245,0.993691086769104,1,1,0.987382173538208
VFG006974,0.9990909099578857,1,1,0.9981818199157715
VFG006717,0.08011966198682785,0,1,0.8397606760263443
VFG006875,0.9940455317497253,1,1,0.9880910634994506
VFG042394,0.9686066508293152,1,1,0.9372133016586304
gi|15902017|ref|NP_346621.1|,0.2916223019361496,0,1,0.41675539612770085
sp|P16686|PHNH_ECOLI,0.3956412196159363,0,0,0.20871756076812742
sp|A0A7R7ZLE4|ACOMT_ASPCH,0.09688783288002015,0,0,0.8062243342399598
sp|Q9UVT8|RIB4_PYRO7,0.018390260078012942,0,0,0.9632194798439742
sp|P38068|GLRX7_YEAST,0.033226188644766806,0,0,0.9335476227104664
VFG039361,0.4338084816932678,0,1,0.1323830366134644
sp|P49955|SF3B1_YEAST,0.04825041852891445,0,0,0.9034991629421711
sp|Q5ZZB7|RPIA_LEGPH,0.06631018444895745,0,0,0.8673796311020852
sp|Q04409|EMI2_YEAST,0.08580567836761474,0,0,0.8283886432647705
sp|P37610|TAUD_ECOLI,0.07398566901683808,0,0,0.8520286619663239
VFG002030,0.988228189945221,1,1,0.976456379890442
sp|P80213|SDHB_ANAPI,0.13377304077148439,0,0,0.7324539184570312
sp|P20945|ABAA_EMENI,0.37104607820510865,0,0,0.2579078435897827
gi|15610314|ref|NP_217694.1|,0.20135658085346222,0,1,0.5972868382930756
VFG014486,0.9801236748695373,1,1,0.9602473497390747
sp|P68692|GLRX1_VACCW,0.052701196447014806,0,0,0.8945976071059704
VFG024825,0.9100259900093078,1,1,0.8200519800186157
VFG007173,0.9956328392028808,1,1,0.9912656784057616
gi|15802351|ref|NP_288377.1|,0.766783082485199,1,1,0.533566164970398
sp|P19392|MATA_NEUCR,0.10127929449081421,0,0,0.7974414110183716
sp|P10356|YEY2_YEAST,0.03367635495960712,0,0,0.9326472900807857
sp|Q0C8A5|TRT3_ASPTN,0.00866175820119679,0,0,0.9826764835976064
VFG002447,1.0,1,1,1.0
sp|F5HIJ5|RM16_NEUCR,0.0031660628039389847,0,0,0.993667874392122
sp|Q9X0E6|CUTA_THEMA,0.011626021657139062,0,0,0.9767479566857219
VFG052178,0.9132229685783386,1,1,0.8264459371566772
sp|C5BK13|TTUB_TERTT,0.16628435701131822,0,0,0.6674312859773636
VFG048225,0.9498182654380798,1,1,0.8996365308761596
VFG041162,0.9985259413719177,1,1,0.9970518827438355
sp|A0A3Q9FEJ4|ASTA_TALWO,0.0,0,0,1.0
sp|Q9Z869|ARTJ_CHLPN,0.39623007774353025,0,0,0.2075398445129395
sp|P40492|FYV10_YEAST,0.0031660628039389847,0,0,0.993667874392122
sp|A3DC29|GUNA_ACET2,0.12896957397460937,0,0,0.7420608520507812
VFG007381,0.9975158452987671,1,1,0.9950316905975343
sp|P39346|IDND_ECOLI,0.08827743753790855,0,0,0.8234451249241829
VFG050198,0.6870068550109864,1,1,0.3740137100219727
sp|P27351|AP2B_YEAST,0.0007220216561108827,0,0,0.9985559566877782
sp|P00545|KFMS_FSVMD,0.30519294142723086,0,0,0.3896141171455383
VFG042498,0.9914186954498291,1,1,0.9828373908996582
VFG010684,0.9966429352760315,1,1,0.9932858705520631
VFG026268,0.9892218351364136,1,1,0.9784436702728272
VFG015410,0.9990909099578857,1,1,0.9981818199157715
gi|187734090|ref|YP_001878980.1|,0.28189154267311095,0,1,0.4362169146537781
sp|A0QVB9|EFTS_MYCS2,0.07365866750478745,0,0,0.8526826649904251
sp|P0DTF7|CDND_PSEAI,0.07552385479211807,0,0,0.8489522904157638
VFG036200,0.9980808138847351,1,1,0.9961616277694703
VFG042836,0.8830963015556336,1,1,0.7661926031112671
sp|Q8DNZ9|MURT_STRR6,0.24635638296604156,0,0,0.5072872340679169
VFG044282,0.36724496483802793,0,1,0.26551007032394414
gi|218562109|ref|YP_002343888.1|,0.9932019352912903,1,1,0.9864038705825806
sp|Q06689|YL413_YEAST,0.04899687059223652,0,0,0.902006258815527
sp|O43086|ELG1_SCHPO,0.012346379086375236,0,0,0.9753072418272495
sp|P25604|STP22_YEAST,0.020391595922410487,0,0,0.9592168081551791
VFG010639,0.978182578086853,1,1,0.9563651561737061
VFG003971,1.0,1,1,1.0
VFG049238,0.9971633791923523,1,1,0.9943267583847046
VFG038351,0.9990909099578857,1,1,0.9981818199157715
VFG009947,0.9975158452987671,1,1,0.9950316905975343
sp|Q6IUF8|L_MACHU,0.05656197816133499,0,0,0.88687604367733
sp|O59770|PSA7_SCHPO,0.0280213488265872,0,0,0.9439573023468256
sp|P71067|LUTP_BACSU,0.09925515353679656,0,0,0.8014896929264068
VFG004763,0.9630004525184631,1,1,0.9260009050369262
VFG048855,0.9940455317497253,1,1,0.9880910634994506
gi|23502367|ref|NP_698494.1|,0.5424297749996185,1,1,0.08485954999923706
VFG045505,1.0,1,1,1.0
gi|15641392|ref|NP_231024.1|,0.48836326599121094,0,1,0.023273468017578125
VFG038990,0.9973593115806579,1,1,0.9947186231613159
sp|P21437|GLPX2_ECOLI,0.1416536197066307,0,0,0.7166927605867386
sp|P0A9W0|ULAR_ECOLI,0.19304737746715545,0,0,0.6139052450656891
VFG010408,1.0,1,1,1.0
sp|P38635|HIS9_YEAST,0.020435635186731815,0,0,0.9591287296265364
VFG037964,0.9651381850242615,1,1,0.930276370048523
VFG031295,0.9873389720916748,1,1,0.9746779441833495
VFG001922,0.8652848601341248,1,1,0.7305697202682495
VFG038869,0.9887874245643615,1,1,0.9775748491287231
VFG048549,0.6790006697177887,1,1,0.35800133943557744
VFG001371,0.9880534529685974,1,1,0.9761069059371947
sp|Q04930|CRF1_YEAST,0.013845863938331603,0,0,0.9723082721233368
gi|15901600|ref|NP_346204.1|,0.6442438781261444,1,1,0.28848775625228873
sp|A9AE46|BIOF_BURM1,0.18330605328083038,0,0,0.6333878934383392
sp|P10724|ALR_GEOSE,0.03136100135743618,0,0,0.9372779972851276
fig|83332.12.peg.2101|Rv1884c|VBIMycTub87468_2101|,0.6682605862617492,1,1,0.33652117252349845
sp|P60595|HIS5_ECOLI,0.3634470641613007,0,0,0.27310587167739864
sp|P03608|COAT_TYMV,0.028549804352223873,0,0,0.9429003912955523
VFG015405,0.9990909099578857,1,1,0.9981818199157715
VFG010311,0.9980808138847351,1,1,0.9961616277694703
sp|P52488|UBA2_YEAST,0.018877550959587097,0,0,0.9622448980808258
sp|P50189|T2M1_MICAM,0.08204317130148411,0,0,0.8359136573970318
sp|A0A172U6X0|LR3E_METSD,0.1246626317501068,0,0,0.7506747364997863
VFG041588,0.9914186954498291,1,1,0.9828373908996582
sp|Q6WNK7|SUS1_YEAST,0.010471544787287712,0,0,0.9790569104254245
sp|P53962|YND5_YEAST,0.03859209194779396,0,0,0.9228158161044121
sp|A0A2S3XLU2|BEFA_AERVE,0.8964246034622192,1,0,0.7928492069244384
VFG015890,0.6419010519981384,1,1,0.2838021039962768
sp|I1RF60|AURJ_GIBZE,0.01893615033477545,0,0,0.9621276993304491
sp|Q02785|PDR12_YEAST,0.07542337477207184,0,0,0.8491532504558563
gi|134107447|ref|XP_777608.1|,0.5616934061050415,1,1,0.12338681221008296
gi|15646115|ref|NP_208297.1|,0.3228978246450424,0,1,0.3542043507099152
VFG023404,0.9727787852287293,1,1,0.9455575704574586
sp|P0C063|GRSB_ANEMI,0.14724613726139069,0,0,0.7055077254772186
VFG000174,0.9871066212654114,1,1,0.9742132425308228
gi|76788062|ref|YP_329515.1|,0.1395142823457718,0,1,0.7209714353084564
sp|P0AEK0|EXOX_ECOLI,0.029684695042669774,0,0,0.9406306099146604
sp|Q04431|KRE28_YEAST,0.006123718665912747,0,0,0.9877525626681745
VFG050682,0.972855269908905,1,1,0.9457105398178101
sp|O87656|FHUB_SALTY,0.9078476071357727,1,0,0.8156952142715455
gi|15901198|ref|NP_345802.1|,0.6670528292655945,1,1,0.334105658531189
sp|A0A1V6PB34|CALE_PENDC,0.0007220216561108827,0,0,0.9985559566877782
VFG003562,0.9721312522888184,1,1,0.9442625045776367
sp|Q8DIF8|PSBC_THEVB,0.01256725937128067,0,0,0.9748654812574387
sp|E5AW45|BAT2_MYCRK,0.8237453818321228,1,0,0.6474907636642455
sp|P17442|PHO81_YEAST,0.018793391669169067,0,0,0.9624132166616619
sp|P9WQD3|ACPS_MYCTU,0.20749944150447847,0,0,0.5850011169910431
VFG044027,0.9632581233978271,1,1,0.9265162467956543
sp|Q04567|GP3_PRRSL,0.20496688336133956,0,0,0.5900662332773209
VFG025373,0.9075840473175049,1,1,0.8151680946350097
VFG044178,0.7942546486854554,1,1,0.5885092973709107
gi|15610724|ref|NP_218105.1|,0.11887978464365005,0,1,0.7622404307126999
sp|C7EXL6|HEPC_BACSE,0.390971314907074,0,0,0.21805737018585203
VFG009561,0.975884222984314,1,1,0.951768445968628
gi|15595142|ref|NP_212931.1|,0.28209470212459564,0,1,0.4358105957508087
gi|15901799|ref|NP_346403.1|,0.24540093839168547,0,1,0.509198123216629
sp|P11115|CPC1_NEUCR,0.2579035714268684,0,0,0.48419285714626314
sp|Q9AJU0|ELMM3_STROV,0.40278065800666807,0,0,0.19443868398666386
sp|P0ACS7|RPIR_ECOLI,0.45970922112464907,0,0,0.08058155775070186
sp|O69264|TECB_CUPXP,0.045748276822268966,0,0,0.9085034463554621
VFG043104,0.9852086901664734,1,1,0.9704173803329468
gi|15645705|ref|NP_207882.1|,0.3906523287296295,0,1,0.21869534254074097
gi|17989144|ref|NP_541777.1|,0.3174943208694458,0,1,0.3650113582611084
VFG042764,0.9905485391616822,1,1,0.9810970783233643
VFG006187,0.9881236791610718,1,1,0.9762473583221436
sp|A6WFI5|CUTI_KINRD,0.10166898816823959,0,0,0.7966620236635208
sp|B1XJV9|CRTE_PICP2,0.033803810738027094,0,0,0.9323923785239459
sp|Q9UQY0|AFLO_ASPPU,0.03407396674156189,0,0,0.9318520665168762
sp|Q04411|URC2_YEAST,0.03408074285835028,0,0,0.9318385142832994
VFG022032,0.9885124206542969,1,1,0.9770248413085938
gi|17988049|ref|NP_540683.1|,0.32419649362564085,0,1,0.3516070127487183
sp|P9WIW7|NUOA_MYCTU,0.038666801527142525,0,0,0.922666396945715
sp|P80323|CU47_LATCU,0.1651319682598114,0,0,0.6697360634803772
VFG024760,0.8938683867454529,1,1,0.7877367734909058
VFG048881,0.9767603516578675,1,1,0.9535207033157349
sp|P06627|TRAY1_ECOLI,0.11563051491975784,0,0,0.7687389701604843
gi|219964717|gb|ACL68410.1|,0.37211970090866087,0,1,0.25576059818267827
sp|Q9Y824|YON1_SCHPO,0.0,0,0,1.0
VFG016328,0.7471474409103394,1,1,0.4942948818206787
VFG041591,0.9617547392845154,1,1,0.9235094785690308
sp|Q9JZ37|TIG_NEIMB,0.7972230672836303,1,0,0.5944461345672607
sp|P9WMS7|GUAA_MYCTU,0.27177991569042204,0,0,0.45644016861915593
sp|P53571|ETFA_METME,0.052701196447014806,0,0,0.8945976071059704
VFG011984,0.9527859210968017,1,1,0.9055718421936034
sp|P94416|PHRC_BACSU,0.2198886275291443,0,0,0.5602227449417114
sp|P37528|PDXT_BACSU,0.04856708906590938,0,0,0.9028658218681812
VFG049079,0.9871066212654114,1,1,0.9742132425308228
sp|P00930|TRPA_KLEAE,0.09483718723058701,0,0,0.810325625538826
VFG006630,0.9145249128341675,1,1,0.829049825668335
VFG010180,0.9990909099578857,1,1,0.9981818199157715
sp|P21697|PLAS_SYNY3,0.024188449233770372,0,0,0.9516231015324592
sp|Q7V735|LAN43_PROMM,0.13039053827524186,0,0,0.7392189234495163
gi|56707449|ref|YP_169345.1|,0.648443853855133,1,1,0.29688770771026607
sp|P0CX43|RL1A_YEAST,0.0007220216561108827,0,0,0.9985559566877782
VFG050249,0.992052149772644,1,1,0.984104299545288
gi|89256369|ref|YP_513731.1|,0.2415174275636673,0,1,0.5169651448726654
sp|Q9HX69|ROCR_PSEAE,0.741464376449585,1,0,0.4829287528991699
sp|P23615|SPT6_YEAST,0.026926443353295325,0,0,0.9461471132934094
sp|Q9URT2|YJU3_SCHPO,0.0,0,0,1.0
sp|O31665|MTNE_BACSU,0.04766013883054256,0,0,0.9046797223389149
VFG004328,0.9990909099578857,1,1,0.9981818199157715
sp|P27305|GLUQ_ECOLI,0.29321014136075974,0,0,0.41357971727848053
VFG044219,0.8577297806739808,1,1,0.7154595613479615
sp|P54504|RSBRD_BACSU,0.04470521807670593,0,0,0.9105895638465882
VFG009897,0.8691091418266297,1,1,0.7382182836532594
VFG000552,0.9967943429946899,1,1,0.9935886859893799
VFG051248,0.9080090284347534,1,1,0.8160180568695068
sp|Q8SSA6|RS14_ENCCU,0.006123718665912747,0,0,0.9877525626681745
sp|P84612|SODF_PSET1,0.13487726151943208,0,0,0.7302454769611358
sp|Q06683|IRC3_YEAST,0.05291966497898102,0,0,0.8941606700420379
VFG032788,0.3767746865749359,0,1,0.2464506268501282
sp|P71668|LIPI_MYCTU,0.2637070000171661,0,0,0.47258599996566775
sp|C9K2Q2|BSC6_ALTBR,0.030380842834711076,0,0,0.9392383143305778
sp|Q9KQH9|FABF_VIBCH,0.277003800868988,0,0,0.44599239826202397
sp|Q99U74|ODO1_STAAN,0.3787343502044678,0,0,0.24253129959106445
sp|Q08932|RSA1_YEAST,0.022420772910118104,0,0,0.9551584541797637
sp|P23394|PRP28_YEAST,0.008439132617786527,0,0,0.983121734764427
sp|P87228|SERA_SCHPO,0.09597358889877797,0,0,0.8080528222024441
VFG041568,0.9931280970573425,1,1,0.986256194114685
sp|P9WL93|Y2569_MYCTU,0.2618851512670517,0,0,0.4762296974658966
sp|P46364|XYLB_ACIGI,0.499610161781311,0,0,0.0007796764373779741
VFG007250,0.9915655970573425,1,1,0.983131194114685
sp|P39583|YWAC_BACSU,0.2489251345396042,0,0,0.5021497309207916
sp|P54322|PYRDB_LACLM,0.0846288651227951,0,0,0.8307422697544098
sp|Q9L1E4|SCARP_STRCO,0.2990189254283905,0,0,0.40196214914321904
VFG014349,0.988228189945221,1,1,0.976456379890442
gi|15901540|ref|NP_346144.1|,0.9965984106063843,1,1,0.9931968212127686
VFG007646,0.9397122263908386,1,1,0.8794244527816772
VFG028799,0.9904016375541687,1,1,0.9808032751083373
VFG042782,0.927313768863678,1,1,0.854627537727356
gi|799347653|ref|XP_012053609.1|,0.06250343024730683,0,1,0.8749931395053864
gi|194396773|ref|YP_002037057.1|,0.8459221005439759,1,1,0.6918442010879517
sp|P33327|DHE2_YEAST,0.17876674979925156,0,0,0.6424665004014969
VFG042211,0.989804482460022,1,1,0.9796089649200439
sp|P40005|PFD2_YEAST,0.01893615033477545,0,0,0.9621276993304491
VFG014191,0.9965984106063843,1,1,0.9931968212127686
sp|P0AEA5|CYOE_ECOLI,0.12899696677923203,0,0,0.742006066441536
sp|P0A927|TSX_ECOLI,0.29918312728405,0,0,0.4016337454319
sp|Q8VPF1|PCAF_PSEKB,0.04487175866961479,0,0,0.9102564826607704
VFG043646,0.9967943429946899,1,1,0.9935886859893799
sp|P32701|PDEC_ECOLI,0.28255966305732727,0,0,0.43488067388534546
sp|P03682|TF4_BPPH2,0.08368842601776123,0,0,0.8326231479644776
gi|161870940|ref|YP_001600120.1|,0.523440420627594,1,1,0.04688084125518799
sp|P42461|THIX_CORGL,0.1384500354528427,0,0,0.7230999290943145
gi|15676688|ref|NP_273832.1|,0.9687297821044922,1,1,0.9374595642089845
VFG045499,1.0,1,1,1.0
sp|P53824|SNZ2_YEAST,0.04954094476997852,0,0,0.900918110460043
sp|O06349|Y3486_MYCTU,0.15770941525697707,0,0,0.6845811694860459
VFG016170,0.9973593115806579,1,1,0.9947186231613159
sp|O05979|Y789_RICPR,0.7078102588653564,1,0,0.41562051773071285
sp|A4ZFB3|CAPSD_BP80A,0.27368192970752714,0,0,0.4526361405849457
sp|Q03764|EKI1_YEAST,0.014066744223237037,0,0,0.9718665115535259
sp|P44553|BAMD_HAEIN,0.3956412196159363,0,0,0.20871756076812742
gi|22127271|ref|NP_670694.1|,0.30610594153404236,0,1,0.3877881169319153
sp|P39956|RPH1_YEAST,0.027834742330014706,0,0,0.9443305153399706
sp|O13899|CRLS1_SCHPO,0.04487826377153396,0,0,0.910243472456932
sp|P01104|MYB_AVIMB,0.05235724337399006,0,0,0.8952855132520199
sp|P76236|CDGI_ECOLI,0.34225112199783325,0,0,0.3154977560043335
gi|213950524|gb|ACJ54535.1|,0.5531010091304779,1,1,0.10620201826095577
sp|Q743F4|DYP_MYCPA,0.23920572996139527,0,0,0.5215885400772095
sp|Q12507|SFG1_YEAST,0.009897303627803921,0,0,0.9802053927443921
sp|P42404|PHI_BACSU,0.014535519108176232,0,0,0.9709289617836475
sp|P42590|YGJI_ECOLI,0.21053501963615417,0,0,0.5789299607276917
sp|P40451|AIM20_YEAST,0.033545511215925215,0,0,0.9329089775681496
sp|P13888|POLN_RRVT,0.17661540806293488,0,0,0.6467691838741303
VFG013968,0.9975158452987671,1,1,0.9950316905975343
sp|P16687|PHNI_ECOLI,0.28492358028888704,0,0,0.43015283942222593
VFG001850,0.9980808138847351,1,1,0.9961616277694703
sp|D6XZ22|GGP_BACIE,0.03161315508186817,0,0,0.9367736898362636
VFG041104,0.9959285378456115,1,1,0.9918570756912231
sp|P50105|TAF4_YEAST,0.020435635186731815,0,0,0.9591287296265364
sp|Q81JG3|ACPS_BACAN,0.1212914302945137,0,0,0.7574171394109726
sp|Q63T71|ISPF_BURPS,0.08089478015899658,0,0,0.8382104396820068
sp|Q9UT72|RFP2_SCHPO,0.10429365932941437,0,0,0.7914126813411713
VFG030140,0.8785627722740174,1,1,0.7571255445480347
VFG044144,0.9766839265823364,1,1,0.9533678531646728
gi|89256260|ref|YP_513622.1|,0.6237240195274353,1,1,0.24744803905487056
gi|16766637|ref|NP_462252.1|,0.44602504968643186,0,1,0.10794990062713627
sp|P0AAC6|YCCA_ECOLI,0.19149183183908464,0,0,0.6170163363218307
VFG042872,0.9990909099578857,1,1,0.9981818199157715
VFG048019,0.9943660378456116,1,1,0.9887320756912232
sp|B8NY85|AGIB_ASPFN,0.046421893313527106,0,0,0.9071562133729458
VFG038883,0.994715404510498,1,1,0.989430809020996
VFG045428,0.9853642344474792,1,1,0.9707284688949585
VFG045590,0.7201312065124512,1,1,0.44026241302490243
sp|A0A5J6BJN2|LP9F_MALCI,0.006123718665912747,0,0,0.9877525626681745
VFG050287,0.9646360039710998,1,1,0.9292720079421997
gi|9629333|ref|NP_044533.1|,0.47143893241882323,0,1,0.05712213516235354
sp|Q6CZ26|LTND_PECAS,0.09645037204027176,0,0,0.8070992559194565
VFG037934,0.9637250900268555,1,1,0.9274501800537109
sp|Q92EU5|RPIB_LISIN,0.25089759230613706,0,0,0.4982048153877259
VFG043283,0.8691357970237732,1,1,0.7382715940475464
VFG001303,0.972855269908905,1,1,0.9457105398178101
sp|P13259|PCY1_YEAST,0.045430169254541394,0,0,0.9091396614909172
VFG005279,0.9913190722465515,1,1,0.9826381444931029
VFG001429,0.989804482460022,1,1,0.9796089649200439
sp|C5BK10|TTUA_TERTT,0.9285955309867859,1,0,0.8571910619735719
sp|A0A4P8W796|PYIF_PYRGI,0.018479644879698755,0,0,0.9630407102406024
sp|Q5B288|Y5342_EMENI,0.051806050539016726,0,0,0.8963878989219666
sp|Q2YQA4|CTRA_BRUA2,0.6367937326431274,1,0,0.2735874652862549
sp|O31699|YKUV_BACSU,0.054018713533878326,0,0,0.8919625729322433
VFG013975,0.9815640926361084,1,1,0.9631281852722169
sp|E6LHV7|CAS10_ENTI1,0.09046059846878052,0,0,0.819078803062439
sp|Q8GCH2|GUMK_XANCE,0.7631503105163574,1,0,0.5263006210327148
sp|Q03016|GIP3_YEAST,0.0024764076340943577,0,0,0.9950471847318113
sp|P38962|TVP23_YEAST,0.0024764076340943577,0,0,0.9950471847318113
sp|Q46898|CAS5_ECOLI,0.059720922634005545,0,0,0.880558154731989
VFG045588,0.9630293846130371,1,1,0.9260587692260742
sp|P67768|LACG_STAAN,0.1604005441069603,0,0,0.6791989117860794
sp|P65492|MUTL_STAAN,0.1213206596672535,0,0,0.7573586806654931
sp|A0A075TXZ3|PATB_PENEN,0.021191466227173807,0,0,0.9576170675456523
VFG015970,0.948850679397583,1,1,0.8977013587951661
VFG031845,0.9883223891258239,1,1,0.9766447782516479
sp|O87393|GLNA3_RHIME,0.11658301800489426,0,0,0.7668339639902115
VFG002255,0.9854074001312256,1,1,0.9708148002624513
VFG039029,0.9990909099578857,1,1,0.9981818199157715
VFG044293,0.9800369262695312,1,1,0.9600738525390624
sp|Q93KD5|TUPB_PEPAC,0.16600365787744523,0,0,0.6679926842451096
sp|A0A1V6P9U2|CALD_PENDC,0.030252559669315816,0,0,0.9394948806613683
sp|Q08897|TPL_SYMTH,0.026404703594744207,0,0,0.9471905928105115
sp|Q9RGZ5|MRPA_ALKPO,0.06712055802345276,0,0,0.8657588839530945
VFG052087,0.9904016375541687,1,1,0.9808032751083373
sp|P60061|ADIC_ECOLI,0.07561933994293213,0,0,0.8487613201141357
VFG041388,0.9990909099578857,1,1,0.9981818199157715
sp|P38885|AIM46_YEAST,0.02027443554252386,0,0,0.9594511289149523
sp|P20484|MAK11_YEAST,0.013754733838140965,0,0,0.9724905323237181
VFG029672,0.9157484531402588,1,1,0.8314969062805175
VFG026324,0.9569797396659852,1,1,0.9139594793319703
sp|O07535|KHTT_BACSU,0.09876961931586266,0,0,0.8024607613682747
sp|P0AER0|GLPF_ECOLI,0.06506256237626076,0,0,0.8698748752474785
VFG016292,0.9748361945152283,1,1,0.9496723890304566
sp|P0DM85|CRFC_ECOLI,0.1742026388645172,0,0,0.6515947222709656
sp|Q9I6B4|THIG_PSEAE,0.13580206483602525,0,0,0.7283958703279495
VFG000173,0.03894671499729156,0,1,0.9221065700054168
sp|P38590|MSG5_YEAST,0.06831611953675747,0,0,0.863367760926485
VFG048543,0.9568921327590942,1,1,0.9137842655181885
sp|Q2FYQ8|NIKE_STAA8,0.5987656652927399,1,0,0.19753133058547978
VFG041860,0.5728811740875244,1,1,0.14576234817504874
sp|O14210|IES2_SCHPO,0.029442949406802654,0,0,0.9411141011863947
sp|Q8RPQ1|DPS1_BACAN,0.22581719756126403,0,0,0.5483656048774719
sp|O31673|CLPE_BACSU,0.4465382397174835,0,0,0.10692352056503296
VFG049845,0.9980808138847351,1,1,0.9961616277694703
VFG043316,0.9866571426391602,1,1,0.9733142852783203
sp|O74417|YJL4_SCHPO,0.06712824627757072,0,0,0.8657435074448585
sp|Q9L888|ALR_MYCAV,0.14435369074344634,0,0,0.7112926185131073
sp|P83146|ASL1_BACSE,0.0491628710180521,0,0,0.9016742579638958
sp|Q9Y8C0|TIM8_NEUCR,0.054302849993109706,0,0,0.8913943000137806
VFG043458,0.9949841976165772,1,1,0.9899683952331544
sp|Q3K9A2|SFNF_PSEPF,0.10922638326883316,0,0,0.7815472334623337
gi|66275987|ref|YP_233072.1|,0.5647110283374787,1,1,0.12942205667495732
sp|P80569|PIS1_CARML,0.02433751244097948,0,0,0.951324975118041
sp|Q92412|LYS4_EMENI,0.3253324180841446,0,0,0.3493351638317108
VFG033735,0.990496826171875,1,1,0.9809936523437499
sp|Q76ZQ4|PG139_VACCW,0.3564125865697861,0,0,0.28717482686042783
VFG039018,0.9873389720916748,1,1,0.9746779441833495
VFG043221,0.9990909099578857,1,1,0.9981818199157715
VFG042652,0.9967943429946899,1,1,0.9935886859893799
sp|P00454|FENR_SPISP,0.0812242142856121,0,0,0.8375515714287758
VFG005884,0.9630004525184631,1,1,0.9260009050369262
sp|P40016|RPN3_YEAST,0.0,0,0,1.0
sp|P49775|HNT2_YEAST,0.014535519108176232,0,0,0.9709289617836475
sp|B1VB77|PDUS_CITFR,0.07353951558470725,0,0,0.8529209688305854
VFG044134,0.3555173844099045,0,1,0.288965231180191
gi|799340974|ref|XP_012052219.1|,0.321589457988739,0,1,0.356821084022522
sp|P38587|CY551_HALHR,0.01974598001688719,0,0,0.9605080399662256
VFG044253,0.40755246877670287,0,1,0.18489506244659426
VFG012859,0.9913190722465515,1,1,0.9826381444931029
sp|P9WFH5|Y3874_MYCTU,0.059205157682299614,0,0,0.8815896846354008
sp|P24731|AN_NPVAC,0.0885340079665184,0,0,0.8229319840669632
VFG011372,0.9990909099578857,1,1,0.9981818199157715
gi|58261188|ref|XP_568004.1|,0.04595862478017807,0,1,0.9080827504396438
VFG006929,0.9767772912979126,1,1,0.9535545825958252
sp|Q6QGH9|OBP_BPT5,0.16948942095041275,0,0,0.6610211580991745
sp|Q8DP16|GLMM_STRR6,0.2734590396285057,0,0,0.4530819207429886
sp|P53759|DUS1_YEAST,0.0166806198656559,0,0,0.9666387602686882
VFG038499,0.9853978753089905,1,1,0.970795750617981
sp|Q12612|TRI4_FUSSP,0.0007220216561108827,0,0,0.9985559566877782
sp|Q2RSU5|CUPIN_RHORT,0.09607401788234711,0,0,0.8078519642353058
VFG043073,0.9858568787574769,1,1,0.9717137575149537
VFG041844,0.9967943429946899,1,1,0.9935886859893799
VFG014666,0.989804482460022,1,1,0.9796089649200439
sp|D0C6T7|IACA_ACIB2,0.11696792989969254,0,0,0.766064140200615
VFG015319,0.9969634413719177,1,1,0.9939268827438354
sp|Q49115|ECM_METEA,0.05411229319870472,0,0,0.8917754136025906
VFG010126,0.9985259413719177,1,1,0.9970518827438355
VFG000072,0.9327664136886596,1,1,0.8655328273773193
gi|126209324|ref|YP_001054549.1|,0.09957501739263534,0,1,0.8008499652147293
VFG043830,0.9967943429946899,1,1,0.9935886859893799
sp|P99091|GLYA_STAAN,0.11654656827449798,0,0,0.766906863451004
sp|P19317|NARW_ECOLI,0.0955224059522152,0,0,0.8089551880955697
sp|P49956|CTF18_YEAST,0.018697527423501014,0,0,0.962604945152998
sp|A7ZI08|ZORC_ECO24,0.9301181554794311,1,0,0.8602363109588622
sp|P10192|HEPA_HHV11,0.15582864433526994,0,0,0.6883427113294601
AVN89460.1,0.08751606792211533,0,1,0.8249678641557694
sp|P22291|SULD_STRPN,0.17326450794935228,0,0,0.6534709841012954
VFG016640,0.9913190722465515,1,1,0.9826381444931029
VFG001235,0.9712798118591308,1,1,0.9425596237182616
gi|15609950|ref|NP_217329.1|,0.9188635110855102,1,1,0.8377270221710205
VFG017768,0.9873389720916748,1,1,0.9746779441833495
sp|P38771|RRF1_YEAST,0.009207648457959294,0,0,0.9815847030840814
VFG042668,0.8317075252532959,1,1,0.6634150505065919
VFG007393,0.9874858736991883,1,1,0.9749717473983766
sp|P0DW69|DTCB_VIBAL,0.16907767057418824,0,0,0.6618446588516236
VFG031435,0.9787014484405517,1,1,0.9574028968811035
sp|Q45096|CSPA_BACCE,0.11142756529152394,0,0,0.7771448694169522
sp|Q6MQC7|MENC_BDEBA,0.35573422312736513,0,0,0.28853155374526973
VFG007616,0.9967943429946899,1,1,0.9935886859893799
VFG042468,0.9990909099578857,1,1,0.9981818199157715
sp|P37772|YJFF_ECOLI,0.16555172204971313,0,0,0.6688965559005737
sp|P59807|CABC1_PROVU,0.32608708143234255,0,0,0.3478258371353149
VFG030060,0.9799511909484864,1,1,0.9599023818969727
sp|Q9KLR1|CGAP1_VIBCH,0.2033518671989441,0,0,0.5932962656021118
sp|P37773|MPL_ECOLI,0.13791575282812119,0,0,0.7241684943437576
gi|15597835|ref|NP_251329.1|,0.022335625998675824,0,1,0.9553287480026483
sp|P9WNN9|ECHA8_MYCTU,0.15745175778865814,0,0,0.6850964844226837
sp|Q83PW0|BIOH_SHIFL,0.05234557539224625,0,0,0.8953088492155075
VFG000349,0.9887874245643615,1,1,0.9775748491287231
VFG048923,0.9293207168579102,1,1,0.8586414337158204
VFG043188,0.9908171892166138,1,1,0.9816343784332275
VFG014496,0.9899513840675354,1,1,0.9799027681350707
sp|A3M144|ATPB_ACIBT,0.0720843855291605,0,0,0.855831228941679
gi|16766958|ref|NP_462573.1|,0.03620631713420153,0,1,0.927587365731597
sp|Q2UD93|XLNR_ASPOR,0.08860870897769928,0,0,0.8227825820446014
sp|P00512|PFKA_GEOSE,0.05537599921226501,0,0,0.88924800157547
VFG043866,0.9347793459892273,1,1,0.8695586919784546
VFG001335,0.9854074001312256,1,1,0.9708148002624513
gi|17987941|ref|NP_540575.1|,0.2817916214466095,0,1,0.43641675710678096
VFG041442,1.0,1,1,1.0
VFG038564,0.991465973854065,1,1,0.98293194770813
sp|P48582|BRO1_YEAST,0.033275355212390424,0,0,0.9334492895752191
sp|P10505|APC3_SCHPO,0.013754733838140965,0,0,0.9724905323237181
gi|60280325|gb|AAC49868.3|,0.26313958764076234,0,1,0.4737208247184753
VFG040923,0.9898338675498962,1,1,0.9796677350997924
sp|P0CK49|TEG7_EBVB9,0.32428855895996095,0,0,0.3514228820800781
gi|23501099|ref|NP_697226.1|,0.11162229478359223,0,1,0.7767554104328156
sp|Q72E84|QRCB_DESVH,0.08356327563524246,0,0,0.8328734487295151
gi|126207638|ref|YP_001052863.1|,0.30857556164264677,0,1,0.38284887671470647
sp|P0C0V8|RS21A_YEAST,0.011307403678074479,0,0,0.977385192643851
sp|P60488|RL13_THET8,0.0,0,0,1.0
sp|P22473|P7_RDVO,0.24304450154304505,0,0,0.51391099691391
VFG013236,0.8754310011863708,1,1,0.7508620023727417
sp|P26789|LHA4_RHOAC,0.04322056286036968,0,0,0.9135588742792606
sp|P73314|RS3_SYNY3,0.011396788479760288,0,0,0.9772064230404794
VFG004487,0.9711915969848632,1,1,0.9423831939697265
VFG009774,0.9887874245643615,1,1,0.9775748491287231
sp|Q04418|RBA50_YEAST,0.00785192851908505,0,0,0.9842961429618299
sp|P32849|RAD5_YEAST,0.018020141683518887,0,0,0.9639597166329622
VFG013106,0.994715404510498,1,1,0.989430809020996
sp|Q914L6|Y014_SIFVH,0.06899926364421845,0,0,0.8620014727115631
VFG041750,0.9904016375541687,1,1,0.9808032751083373
sp|P77044|MHPC_ECOLI,0.02096409071236849,0,0,0.958071818575263
sp|A0QTV0|MIMD_MYCS2,0.08375594019889832,0,0,0.8324881196022034
sp|P0DX91|RTCB2_ECOS1,0.11929302513599396,0,0,0.7614139497280121
sp|C4R5T1|ATG30_KOMPG,0.0017543859779834748,0,0,0.996491228044033
gi|134109153|ref|XP_776691.1|,0.14803776890039444,0,1,0.7039244621992111
VFG014058,0.9728215575218201,1,1,0.9456431150436402
VFG044305,0.9759283781051635,1,1,0.9518567562103271
sp|O13492|FOLE_NEUCR,0.05703609809279442,0,0,0.8859278038144112
sp|Q92442|AGLU_MUCJA,0.013352778786793352,0,0,0.9732944424264133
VFG052230,0.9572851538658143,1,1,0.9145703077316285
VFG000296,0.9871066212654114,1,1,0.9742132425308228
sp|P9WMG3|Y3095_MYCTU,0.1981302797794342,0,0,0.6037394404411316
sp|P0A6P1|EFTS_ECOLI,0.03690478689968586,0,0,0.9261904262006283
sp|Q8NN33|MDH_CORGL,0.019974333234131336,0,0,0.9600513335317373
VFG042704,0.9967943429946899,1,1,0.9935886859893799
sp|P26188|MGMT_YEAST,0.1119007185101509,0,0,0.7761985629796981
VFG052311,0.9990909099578857,1,1,0.9981818199157715
VFG044255,0.11296255737543107,0,1,0.7740748852491379
sp|A0A1G9FQX8|FLA_ACTMZ,0.022580735944211484,0,0,0.954838528111577
gi|15801738|ref|NP_287756.1|,0.20286953896284105,0,1,0.5942609220743179
sp|Q9RHM6|URE3_CORGL,0.060906671732664106,0,0,0.8781866565346718
sp|O51442|RL24_BORBU,0.05356962457299232,0,0,0.8928607508540154
sp|Q87K03|QNR_VIBPA,0.22126505076885222,0,0,0.5574698984622956
sp|P0C2H8|RL31A_YEAST,0.003388688387349248,0,0,0.9932226232253015
sp|P69541|CAPSD_BPM13,0.2195458620786667,0,0,0.5609082758426667
VFG044029,0.9110976815223694,1,1,0.8221953630447387
sp|E3PJ88|ASPS2_ECOH1,0.8522767663002014,1,0,0.7045535326004029
sp|Q2XWL3|NHAH_HALDA,0.17217765599489213,0,0,0.6556446880102158
sp|A0A411EW25|SZNE_STRC2,0.22459000647068023,0,0,0.5508199870586395
gi|126209330|ref|YP_001054555.1|,0.4206106960773468,0,1,0.1587786078453064
VFG040511,0.9990909099578857,1,1,0.9981818199157715
VFG043953,0.9239477515220642,1,1,0.8478955030441284
VFG045742,0.9873389720916748,1,1,0.9746779441833495
sp|Q5ATG8|APDA_EMENI,0.0024764076340943577,0,0,0.9950471847318113
VFG000414,0.9949113368988037,1,1,0.9898226737976075
VFG015243,0.9990909099578857,1,1,0.9981818199157715
VFG043364,0.9055736541748047,1,1,0.8111473083496095
VFG001264,0.9932019352912903,1,1,0.9864038705825806
sp|P17863|SKI_AVIES,0.12187127768993378,0,0,0.7562574446201324
VFG009997,1.0,1,1,1.0
sp|Q7NGR7|OTC_GLOVI,0.04015038777142763,0,0,0.9196992244571447
VFG044300,0.9651891469955445,1,1,0.930378293991089
VFG001237,0.9986873626708984,1,1,0.9973747253417968
VFG013104,0.9990909099578857,1,1,0.9981818199157715
VFG016411,0.9773711562156677,1,1,0.9547423124313354
sp|P76352|YEEO_ECOLI,0.5340172708034515,1,0,0.06803454160690303
sp|Q6N4T9|RL22_RHOPA,0.0007220216561108827,0,0,0.9985559566877782
sp|Q9RRH3|RQKA_DEIRA,0.11353841274976731,0,0,0.7729231745004654
sp|Q06493|YLH47_YEAST,0.018857490457594394,0,0,0.9622850190848112
sp|Q00647|MYO1_EMENI,0.45209416151046755,0,0,0.0958116769790649
sp|O13692|GAS5_SCHPO,0.019836883619427682,0,0,0.9603262327611446
VFG024878,0.8653006911277771,1,1,0.7306013822555542
sp|P50007|ATPG_STRLI,0.06615985296666622,0,0,0.8676802940666676
VFG047268,0.5852414786815643,1,1,0.17048295736312857
VFG041422,0.9404309868812561,1,1,0.8808619737625123
sp|O83005|RCEL_RHOPA,0.013879745500162244,0,0,0.9722405089996755
sp|P40577|MND2_YEAST,0.02789747267961502,0,0,0.94420505464077
VFG040877,0.9885401487350464,1,1,0.9770802974700927
sp|A8E1G1|M35_MUHVK,0.18095026016235352,0,0,0.638099479675293
sp|Q12189|RPIA_YEAST,0.03136100135743618,0,0,0.9372779972851276
sp|O51207|RL35_BORBU,0.11121671795845031,0,0,0.7775665640830993
VFG024721,0.8623707532882691,1,1,0.7247415065765381
VFG016559,0.7638049900531769,1,1,0.5276099801063538
VFG045544,0.9625351786613464,1,1,0.9250703573226928
sp|Q9P3B2|RCF2_SCHPO,0.018793391669169067,0,0,0.9624132166616619
VFG023013,0.9967943429946899,1,1,0.9935886859893799
sp|P45703|XYN2_GEOSE,0.05573868416249752,0,0,0.888522631675005
VFG009985,0.9990909099578857,1,1,0.9981818199157715
VFG038482,0.9930284738540649,1,1,0.9860569477081298
VFG045818,0.9975158452987671,1,1,0.9950316905975343
VFG022378,0.9112527132034302,1,1,0.8225054264068603
sp|O06871|SSI_STRVL,0.05531962066888809,0,0,0.8893607586622239
sp|A6TF35|BIOH_KLEP7,0.18160294890403747,0,0,0.636794102191925
VFG044384,0.6499924182891845,1,1,0.29998483657836905
VFG042020,0.17077312171459197,0,1,0.6584537565708161
VFG049531,0.9975158452987671,1,1,0.9950316905975343
VFG026912,0.967597770690918,1,1,0.935195541381836
sp|P00370|DHE4_ECOLI,0.2059231162071228,0,0,0.5881537675857544
gi|16764872|ref|NP_460487.1|,0.2570307791233063,0,1,0.4859384417533874
VFG016782,0.9990909099578857,1,1,0.9981818199157715
sp|Q59226|CDAS_BACSP,0.10232964605093002,0,0,0.7953407078981399
sp|P04335|FRSA_ECOLI,0.08962328881025314,0,0,0.8207534223794937
gi|15599886|ref|NP_253380.1|,0.16802812069654466,0,1,0.6639437586069107
VFG042910,0.9343531131744385,1,1,0.868706226348877
VFG030511,0.9868463277816772,1,1,0.9736926555633545
VFG035087,0.9885550737380981,1,1,0.9771101474761963
sp|Q8X5X6|YDIF_ECO57,0.25968189239501954,0,0,0.4806362152099609
sp|Q5L3D0|PUR5_GEOKA,0.07992315739393234,0,0,0.8401536852121353
VFG000136,0.909972894191742,1,1,0.819945788383484
VFG013842,0.9985259413719177,1,1,0.9970518827438355
VFG013691,0.9871066212654114,1,1,0.9742132425308228
VFG051485,0.9626747369766235,1,1,0.9253494739532471
VFG039147,0.9767603516578675,1,1,0.9535207033157349
VFG042019,0.2861378401517868,0,1,0.42772431969642644
sp|P28240|ACEA_YEAST,0.22115952670574188,0,0,0.5576809465885162
VFG038579,0.9820178508758545,1,1,0.9640357017517089
VFG042626,0.9959533452987671,1,1,0.9919066905975342
gi|156502929|ref|YP_001428994.1|,0.3110090225934982,0,1,0.37798195481300356
sp|Q9UTI4|MOA1_SCHPO,0.11980656832456589,0,0,0.7603868633508682
VFG015881,0.1407120943069458,0,1,0.7185758113861084
sp|P9WGC3|Y3284_MYCTU,0.2530676871538162,0,0,0.49386462569236755
VFG042111,0.9990909099578857,1,1,0.9981818199157715
VFG017719,0.9967943429946899,1,1,0.9935886859893799
sp|A7Z4X9|BAED_BACVZ,0.15734271407127381,0,0,0.6853145718574524
sp|A1IGV8|AAGAR_THASX,0.13440608382225036,0,0,0.7311878323554992
sp|P13476|IMM5_ECOLX,0.5054819583892822,1,0,0.010963916778564453
sp|O32248|YVBK_BACSU,0.1867824986577034,0,0,0.6264350026845932
VFG010151,1.0,1,1,1.0
VFG000219,0.9939939022064209,1,1,0.9879878044128418
VFG043293,0.9832675933837891,1,1,0.9665351867675782
sp|Q9L9E5|NOVW_STRNV,0.06874911859631538,0,0,0.8625017628073692
gi|16763426|ref|NP_459041.1|,0.38849056959152223,0,1,0.22301886081695554
sp|P9WKU3|Y497_MYCTU,0.6533396363258361,1,0,0.3066792726516723
VFG038879,0.9985259413719177,1,1,0.9970518827438355
sp|Q9ZAA6|GCDB_ACIFV,0.07668853998184204,0,0,0.8466229200363159
sp|Q9USP8|IDH2_SCHPO,0.04113851673901081,0,0,0.9177229665219784
VFG031599,0.8976675629615783,1,1,0.7953351259231567
sp|P60560|GUAC_ECOLI,0.09518155455589294,0,0,0.8096368908882141
VFG016718,0.9980808138847351,1,1,0.9961616277694703
sp|P0AFG0|NUSG_ECOLI,0.12054067850112915,0,0,0.7589186429977417
VFG046999,0.9915138840675354,1,1,0.9830277681350708
sp|P40006|IRC22_YEAST,0.08123984783887864,0,0,0.8375203043222428
sp|P9WKY9|Y3412_MYCTU,0.2418124109506607,0,0,0.5163751780986786
VFG042575,0.9958769083023071,1,1,0.9917538166046143
VFG022793,0.9853642344474792,1,1,0.9707284688949585
VFG014492,0.9883560299873352,1,1,0.9767120599746704
sp|P0C1A9|PMEA_DICD3,0.33917487859725953,0,0,0.32165024280548093
VFG013840,0.9985259413719177,1,1,0.9970518827438355
sp|P20437|CG11_YEAST,0.0486306743696332,0,0,0.9027386512607336
sp|P23133|TODF_PSEP1,0.07089475467801094,0,0,0.8582104906439781
VFG007196,0.9849760055541992,1,1,0.9699520111083983
VFG029560,0.34503200054168703,0,1,0.30993599891662593
VFG041884,0.9212436318397522,1,1,0.8424872636795044
VFG001427,0.9876742005348206,1,1,0.9753484010696412
VFG011643,0.9659886598587036,1,1,0.9319773197174073
VFG002084,0.957750391960144,1,1,0.915500783920288
VFG013965,0.9933488368988037,1,1,0.9866976737976074
sp|O05260|MRPC_BACSU,0.09426182210445404,0,0,0.8114763557910919
sp|Q74H36|CS4F1_GEOSL,0.13855829685926438,0,0,0.7228834062814713
VFG041629,0.9971633791923523,1,1,0.9943267583847046
sp|P44034|Y666_HAEIN,0.21923160254955293,0,0,0.5615367949008941
sp|Q09868|CIP2_SCHPO,0.0530636515468359,0,0,0.8938726969063282
sp|P26602|UBIC_ECOLI,0.09410821832716465,0,0,0.8117835633456707
VFG038689,0.9834999442100525,1,1,0.966999888420105
VFG047674,0.9208498597145081,1,1,0.8416997194290161
VFG043002,0.26062612533569335,0,1,0.4787477493286133
VFG011744,0.9890483736991882,1,1,0.9780967473983764
gi|576033374|ref|YP_009000616.1|,0.41218542456626894,0,1,0.1756291508674621
VFG002005,0.9959285378456115,1,1,0.9918570756912231
gi|194396737|ref|YP_002036836.1|,0.9921037793159485,1,1,0.984207558631897
sp|P99141|RISB_STAAN,0.02659381404519081,0,0,0.9468123719096184
sp|P43614|KEG1_YEAST,0.1584893763065338,0,0,0.6830212473869324
sp|O51519|CGALT_BORBU,0.9525955080986023,1,0,0.9051910161972045
VFG048942,0.9524852633476257,1,1,0.9049705266952515
sp|P33302|PDR5_YEAST,0.0530636515468359,0,0,0.8938726969063282
sp|H9T8I0|CDII8_BURPE,0.47000119686126707,0,0,0.059997606277465865
gi|71910237|ref|YP_281787.1|,0.6390940368175506,1,1,0.27818807363510123
sp|Q5UNU2|UVE1H_MIMIV,0.06493664085865021,0,0,0.8701267182826996
sp|O42976|YGZ7_SCHPO,0.006123718665912747,0,0,0.9877525626681745
sp|A0A8K1AY78|TNDC_ASPFV,0.007749477447941899,0,0,0.9845010451041162
sp|P23250|RPI1_YEAST,0.0515500009059906,0,0,0.8968999981880188
sp|W6QEK0|ANUG_PENRF,0.0024764076340943577,0,0,0.9950471847318113
sp|Q7CHH5|SCMU_YERPE,0.342362517118454,0,0,0.315274965763092
sp|P35087|NBLA_SYNE7,0.07859290540218353,0,0,0.8428141891956329
sp|A8NS27|N3009_COPC7,0.07669231966137886,0,0,0.8466153606772423
VFG016655,0.9905485391616822,1,1,0.9810970783233643
VFG041432,0.9708133816719056,1,1,0.9416267633438111
VFG041038,0.9975158452987671,1,1,0.9950316905975343
sp|Q03673|AIM34_YEAST,0.023109191469848155,0,0,0.9537816170603037
sp|Q9UUG1|RPF2_SCHPO,0.026404703594744207,0,0,0.9471905928105115
VFG052139,0.9882713556289673,1,1,0.9765427112579346
sp|P68440|PG125_VACCW,0.15083899945020676,0,0,0.6983220010995865
gi|26250530|ref|NP_756570.1|,0.752825391292572,1,1,0.505650782585144
sp|Q9ZCE4|Y812_RICPR,0.6030576884746551,1,0,0.20611537694931026
VFG041756,1.0,1,1,1.0
sp|Q6Q546|HUB1_YEAST,0.05990123450756073,0,0,0.8801975309848785
sp|P36162|DAD2_YEAST,0.0024764076340943577,0,0,0.9950471847318113
VFG035459,0.9922845005989075,1,1,0.984569001197815
sp|Q8DJZ6|PSBI_THEVB,0.007390053803101182,0,0,0.9852198923937976
VFG036520,0.9990909099578857,1,1,0.9981818199157715
sp|P53903|PGA2_YEAST,0.029979843087494372,0,0,0.9400403138250113
sp|Q9HDZ7|ATG18_SCHPO,0.022121232748031617,0,0,0.9557575345039367
sp|Q2FWY7|PUTP_STAA8,0.3902145177125931,0,0,0.21957096457481384
sp|O05432|ATPG_MOOTA,0.01747797932475805,0,0,0.9650440413504839
sp|Q04810|DPAB_BACSU,0.012663123616948723,0,0,0.9746737527661026
VFG041889,0.9782593846321106,1,1,0.9565187692642212
sp|E9RCK4|VEA_ASPFU,0.11900270283222199,0,0,0.761994594335556
gi|15901763|ref|NP_346367.1|,0.8179490327835083,1,1,0.6358980655670166
sp|Q9I527|PIRA_PSEAE,0.6791449546813965,1,0,0.3582899093627929
VFG031887,0.9858568787574769,1,1,0.9717137575149537
VFG024707,0.9748361945152283,1,1,0.9496723890304566
VFG049741,0.9394885659217834,1,1,0.8789771318435669
sp|P0AFI0|OXC_ECOLI,0.1725055158138275,0,0,0.654988968372345
VFG011639,0.7955195188522339,1,1,0.5910390377044679
sp|Q04170|YD391_YEAST,0.022580735944211484,0,0,0.954838528111577
VFG022866,0.7776802897453308,1,1,0.5553605794906615
VFG042307,0.9967943429946899,1,1,0.9935886859893799
VFG042153,0.9340428233146667,1,1,0.8680856466293334
sp|Q02322|UVRD_HAEIN,0.2384733647108078,0,0,0.5230532705783844
sp|Q8GAW0|CPMO_COMS9,0.03512637559324503,0,0,0.9297472488135099
VFG013150,0.9633993744850159,1,1,0.9267987489700318
VFG039437,0.9985259413719177,1,1,0.9970518827438355
sp|Q08636|NTPA_ENTHA,0.047007075138390066,0,0,0.9059858497232198
VFG005913,0.9866577982902527,1,1,0.9733155965805054
sp|P44941|Y933_HAEIN,0.17153944671154023,0,0,0.6569211065769196
sp|P39006|PSD1_YEAST,0.03119298480451107,0,0,0.9376140303909779
VFG024267,0.9990909099578857,1,1,0.9981818199157715
sp|Q8SWL2|Y184_ENCCU,0.035537289828062056,0,0,0.9289254203438759
sp|Q5X5Q1|TRPA_LEGPA,0.3045027792453766,0,0,0.3909944415092468
VFG014183,0.9985259413719177,1,1,0.9970518827438355
VFG039632,1.0,1,1,1.0
VFG049619,0.9966429352760315,1,1,0.9932858705520631
VFG007555,0.9339615821838378,1,1,0.8679231643676757
sp|O74991|POF3_SCHPO,0.09120970070362092,0,0,0.8175805985927582
sp|Q5SHD6|MGSA_THET8,0.011396788479760288,0,0,0.9772064230404794
VFG007622,0.9839589476585389,1,1,0.9679178953170777
VFG002370,0.9990909099578857,1,1,0.9981818199157715
VFG042248,0.9839589476585389,1,1,0.9679178953170777
VFG000294,0.26466487646102904,0,1,0.4706702470779419
VFG042155,0.9721305966377258,1,1,0.9442611932754517
VFG045586,0.9990909099578857,1,1,0.9981818199157715
VFG006541,0.9915138840675354,1,1,0.9830277681350708
sp|P38428|CUE1_YEAST,0.04239950329065323,0,0,0.9152009934186935
sp|O42637|CIA84_NEUCR,0.029442949406802654,0,0,0.9411141011863947
sp|P40576|INA22_YEAST,0.024298103339970113,0,0,0.9514037933200598
VFG013279,0.9866050004959106,1,1,0.9732100009918212
sp|Q7RZF0|RM06_NEUCR,0.020435635186731815,0,0,0.9591287296265364
sp|Q8SS33|TCPQ_ENCCU,0.1372191548347473,0,0,0.7255616903305053
VFG043517,0.9967943429946899,1,1,0.9935886859893799
gi|53718035|ref|YP_107021.1|,0.3346748650074005,0,1,0.330650269985199
sp|P16559|TCMN_STRGA,0.10241489112377167,0,0,0.7951702177524567
VFG000393,0.9995454549789429,1,1,0.9990909099578857
VFG016206,0.9379239082336426,1,1,0.8758478164672852
VFG015895,0.7186692714691162,1,1,0.4373385429382324
VFG016793,0.9911863446235657,1,1,0.9823726892471314
VFG007275,0.9949113368988037,1,1,0.9898226737976075
sp|B0DAC6|AQP4_LACBS,0.05236341990530491,0,0,0.8952731601893902
VFG014528,0.9952318429946899,1,1,0.9904636859893798
sp|Q02891|MCFS1_YEAST,0.018479644879698755,0,0,0.9630407102406024
sp|P9WM93|Y034_MYCTU,0.26186026632785797,0,0,0.47627946734428406
sp|Q914J5|CAPS2_SIFVH,0.08359485268592834,0,0,0.8328102946281433
VFG043960,0.9990909099578857,1,1,0.9981818199157715
VFG019982,0.9932019352912903,1,1,0.9864038705825806
sp|B1G889|OIAK_PARG4,0.28880864679813384,0,0,0.4223827064037323
sp|Q9WY30|CDPD_THEMA,0.029971404932439327,0,0,0.9400571901351213
gi|799346943|ref|XP_012053482.1|,0.14300008118152618,0,1,0.7139998376369476
VFG038682,0.9967943429946899,1,1,0.9935886859893799
sp|Q8YYI2|CCML_NOSS1,0.009351413371041417,0,0,0.9812971732579172
sp|A0QSG0|RL24_MYCS2,0.03616330474615097,0,0,0.927673390507698
sp|Q9PMQ5|PGK_CAMJE,0.2739308953285217,0,0,0.45213820934295657
sp|P9WGY9|RPOB_MYCTU,0.08429125845432281,0,0,0.8314174830913543
VFG015489,0.9882713556289673,1,1,0.9765427112579346
VFG043212,0.9901692867279053,1,1,0.9803385734558105
sp|P9WGJ5|SEPF_MYCTU,0.348479425907135,0,0,0.30304114818573
sp|P32910|RPC6_YEAST,0.007390053803101182,0,0,0.9852198923937976
sp|Q9I6N5|P2CDC_PSEAE,0.08123984783887864,0,0,0.8375203043222428
sp|D5ARP7|CCOP_RHOCB,0.015990964695811273,0,0,0.9680180706083774
sp|P71039|MTA_BACSU,0.1124887228012085,0,0,0.775022554397583
sp|Q6MX01|WHB7A_MYCTU,0.2390078365802765,0,0,0.5219843268394471
sp|P16140|VATB_YEAST,0.07057463824748993,0,0,0.8588507235050201
sp|Q9UTG8|DAD2_SCHPO,0.02209898140281439,0,0,0.9558020371943712
gi|15676646|ref|NP_273790.1|,0.53418128490448,1,1,0.06836256980896005
sp|P0ADT5|YGIC_ECOLI,0.055883900821208955,0,0,0.888232198357582
sp|P0ADM0|YIDH_ECOLI,0.12416765540838241,0,0,0.7516646891832351
VFG050240,0.9831100344657898,1,1,0.9662200689315796
sp|P0ABU0|MENB_ECOLI,0.05149254463613033,0,0,0.8970149107277393
sp|A0A455R624|ASCH_ACREG,0.0007220216561108827,0,0,0.9985559566877782
VFG000438,1.0,1,1,1.0
VFG000844,0.9990909099578857,1,1,0.9981818199157715
sp|Q12375|ORT1_YEAST,0.020435635186731815,0,0,0.9591287296265364
sp|P39138|ARGI_BACSU,0.05806911587715149,0,0,0.8838617682456971
VFG035932,0.9985259413719177,1,1,0.9970518827438355
gi|15901040|ref|NP_345644.1|,0.8022081017494201,1,1,0.6044162034988403
VFG005929,0.9770470976829528,1,1,0.9540941953659057
VFG026135,0.988228189945221,1,1,0.976456379890442
sp|Q57362|Y195A_HAEIN,0.2869211554527283,0,0,0.42615768909454343
sp|L7X8J4|CURS1_ASPTE,0.007749477447941899,0,0,0.9845010451041162
sp|P71051|YVEL_BACSU,0.441637247800827,0,0,0.11672550439834595
sp|Q10235|ALP11_SCHPO,0.024278144957497715,0,0,0.9514437100850046
sp|P40026|KRE29_YEAST,0.00543406349606812,0,0,0.9891318730078638
VFG009104,0.9967943429946899,1,1,0.9935886859893799
sp|P63235|GADC_ECOLI,0.18340412080287932,0,0,0.6331917583942414
VFG029575,0.9914186954498291,1,1,0.9828373908996582
VFG005923,0.9873389720916748,1,1,0.9746779441833495
sp|P0A7V3|RS3_ECOLI,0.025876248069107533,0,0,0.9482475038617849
sp|Q5XE43|NUSG_STRP6,0.13525908961892127,0,0,0.7294818207621574
sp|P37572|RADA_BACSU,0.08380329832434655,0,0,0.832393403351307
sp|Q9RW44|RL31_DEIRA,0.053718496859073636,0,0,0.8925630062818527
VFG000991,0.9862257480621338,1,1,0.9724514961242676
VFG018504,0.9985259413719177,1,1,0.9970518827438355
sp|P21696|GPD1_SCHPO,0.0491628710180521,0,0,0.9016742579638958
sp|Q07528|ATG20_YEAST,0.009897303627803921,0,0,0.9802053927443921
VFG043518,0.9941675066947937,1,1,0.9883350133895874
gi|15608798|ref|NP_216176.1|,0.12773020416498185,0,1,0.7445395916700364
VFG035429,0.934028685092926,1,1,0.868057370185852
sp|P20435|RPAB2_YEAST,0.009207648457959294,0,0,0.9815847030840814
VFG015310,0.8166799664497375,1,1,0.633359932899475
sp|A0A6F9DYX9|MEN2_MENTH,0.009897303627803921,0,0,0.9802053927443921
VFG049666,0.9975158452987671,1,1,0.9950316905975343
VFG011925,0.9873389720916748,1,1,0.9746779441833495
VFG010794,0.9578275442123413,1,1,0.9156550884246826
VFG018740,0.9990909099578857,1,1,0.9981818199157715
sp|G2QFD0|LMCO1_THET4,0.012663123616948723,0,0,0.9746737527661026
VFG013942,0.9924314022064209,1,1,0.9848628044128418
sp|P0A924|PGPB_ECOLI,0.3395739674568176,0,0,0.32085206508636477
VFG022249,0.9931280970573425,1,1,0.986256194114685
VFG015457,0.9864580988883972,1,1,0.9729161977767944
VFG042593,0.9990909099578857,1,1,0.9981818199157715
VFG043611,0.27368192970752714,0,1,0.4526361405849457
gi|67524795|ref|XP_660459.1|,0.5171708166599274,1,1,0.034341633319854736
sp|P67411|URK_STAAN,0.09613696038722992,0,0,0.8077260792255402
sp|P41684|CHIT_NPVAC,0.178521628677845,0,0,0.64295674264431
sp|O74113|CDC45_SCHPO,0.0320978794246912,0,0,0.9358042411506176
sp|O35031|ACYP_BACSU,0.10335782915353775,0,0,0.7932843416929245
VFG007629,0.9278764843940734,1,1,0.8557529687881469
sp|P15496|IDI1_YEAST,0.011080043949186802,0,0,0.9778399121016264
sp|Q06839|YP097_YEAST,0.019439007574692368,0,0,0.9611219848506153
VFG014292,0.9803143501281738,1,1,0.9606287002563476
VFG000256,0.8847667932510376,1,1,0.7695335865020752
sp|Q9CIV6|DHAM_LACLA,0.20428405553102494,0,0,0.5914318889379502
sp|Q9WYP7|IOLO_THEMA,0.0007220216561108827,0,0,0.9985559566877782
sp|Q5B5E0|SNF7_EMENI,0.040368315577507016,0,0,0.9192633688449859
sp|P56036|RL10_HELPY,0.07183846309781075,0,0,0.8563230738043786
VFG042218,0.989368736743927,1,1,0.978737473487854
sp|O94288|NOC3_SCHPO,0.0007220216561108827,0,0,0.9985559566877782
sp|Q88XB8|METK_LACPL,0.1248311597853899,0,0,0.7503376804292202
gi|124513660|ref|XP_001350186.1|,0.05656197816133499,0,1,0.88687604367733
sp|A1VZ59|SYGA_CAMJJ,0.14575273543596268,0,0,0.7084945291280746
sp|P9WG15|Y2563_MYCTU,0.33906489610671997,0,0,0.32187020778656006
sp|P18409|MDM10_YEAST,0.006249992595985532,0,0,0.987500014808029
sp|Q7RXY1|RL32_NEUCR,0.014832333847880363,0,0,0.9703353323042393
VFG009476,0.9956328392028808,1,1,0.9912656784057616
sp|P46983|ATG36_YEAST,0.09043788462877274,0,0,0.8191242307424546
sp|Q4WLD1|PYR5_ASPFU,0.003388688387349248,0,0,0.9932226232253015
sp|Q08919|TRE1_YEAST,0.20531498193740844,0,0,0.5893700361251831
VFG030691,0.9636822581291199,1,1,0.9273645162582398
sp|Q55777|DNCH_SYNY3,0.10604179203510285,0,0,0.7879164159297943
sp|P0AD47|YPHA_ECOLI,0.05692443326115608,0,0,0.8861511334776878
sp|Q10423|CCE1_SCHPO,0.00893221776932478,0,0,0.9821355644613504
VFG014769,0.9687297821044922,1,1,0.9374595642089845
VFG021372,0.9956328392028808,1,1,0.9912656784057616
VFG042036,0.9990909099578857,1,1,0.9981818199157715
VFG013868,0.9852086901664734,1,1,0.9704173803329468
sp|Q5S580|SEC31_AJECA,0.08705237582325935,0,0,0.8258952483534813
sp|Q8ZJN9|COAD_YERPE,0.18396006226539613,0,0,0.6320798754692077
VFG041924,0.9839589476585389,1,1,0.9679178953170777
fig|83332.12.peg.3145|Rv2820c|VBIMycTub87468_3145|,0.10604179203510285,0,1,0.7879164159297943
sp|P08660|AK3_ECOLI,0.26101994812488555,0,0,0.4779601037502289
sp|A1SGT4|BAH1_NOCSJ,0.032639615796506406,0,0,0.9347207684069871
sp|P75069|SYH_MYCPN,0.29145572185516355,0,0,0.4170885562896729
sp|P31728|METQ_HAEIN,0.7996548771858215,1,0,0.599309754371643
VFG038343,0.9820178508758545,1,1,0.9640357017517089
VFG041331,0.9883560299873352,1,1,0.9767120599746704
VFG011937,0.9914186954498291,1,1,0.9828373908996582
VFG010065,0.9975158452987671,1,1,0.9950316905975343
sp|O31425|SKFC_BACSU,0.5488135576248169,1,0,0.09762711524963374
sp|O31718|RPOY_BACSU,0.04089677110314369,0,0,0.9182064577937126
sp|Q9KSX0|HIS5_VIBCH,0.4490082561969757,0,0,0.10198348760604858
sp|O94285|RPC8_SCHPO,0.014472910203039646,0,0,0.9710541795939207
sp|P44649|Y341_HAEIN,0.21985047459602355,0,0,0.5602990508079528
sp|P53638|SODF_BACFR,0.3203905522823334,0,0,0.35921889543533325
VFG016372,0.678363710641861,1,1,0.3567274212837219
sp|Q7AKE4|RAMR_STRCO,0.47624751925468445,0,0,0.047504961490631104
VFG010352,0.9990909099578857,1,1,0.9981818199157715
VFG022114,0.9871066212654114,1,1,0.9742132425308228
VFG001880,0.9990909099578857,1,1,0.9981818199157715
sp|B8MKZ1|TSTD_TALSN,0.05879896357655525,0,0,0.8824020728468895
VFG013165,0.9660223126411438,1,1,0.9320446252822876
sp|D5AUZ9|CBIM_RHOCB,0.04430389404296875,0,0,0.9113922119140625
sp|Q5LSN6|METAA_RUEPO,0.06022093668580055,0,0,0.8795581266283989
sp|O06582|PRPD_MYCTU,0.23834312260150908,0,0,0.5233137547969818
VFG022673,0.5397408604621887,1,1,0.07948172092437744
sp|Q9APM5|TPA_BILWA,0.058199720457196236,0,0,0.8836005590856075
sp|O14305|SID1_SCHPO,0.033338085561990735,0,0,0.9333238288760185
sp|Q8EG63|OLED_SHEON,0.13617105782032013,0,0,0.7276578843593597
gi|799345039|ref|XP_012053059.1|,0.025876248069107533,0,1,0.9482475038617849
sp|P56329|IF2B_SCHPO,0.031721440330147746,0,0,0.9365571193397045
sp|Q56837|XECA_XANP2,0.03172359298914671,0,0,0.9365528140217065
sp|A0A3Q9U4A9|PVHD_TALVA,0.03947517052292824,0,0,0.9210496589541435
sp|Q93TU6|CAMK_RHOSO,0.038568133115768434,0,0,0.9228637337684631
VFG002105,0.9956328392028808,1,1,0.9912656784057616
VFG031366,0.7315863847732544,1,1,0.4631727695465089
sp|O74835|RRP5_SCHPO,0.05786227658390999,0,0,0.8842754468321801
sp|Q9WYD1|TAL_THEMA,0.0024764076340943577,0,0,0.9950471847318113
sp|P76213|CHO_ECOLI,0.11220440864562989,0,0,0.7755911827087403
VFG033307,0.9980808138847351,1,1,0.9961616277694703
VFG051327,0.9975158452987671,1,1,0.9950316905975343
VFG028770,0.8864112257957458,1,1,0.7728224515914917
VFG005937,0.9347702026367187,1,1,0.8695404052734375
fig|169963.11.peg.660|lmo0641|VBILisMon69206_0660|,0.33211815655231475,0,1,0.3357636868953705
VFG005368,0.9885029315948486,1,1,0.9770058631896972
sp|Q9CLT2|CAS9_PASMU,0.0968141257762909,0,0,0.8063717484474182
VFG011773,0.9873389720916748,1,1,0.9746779441833495
sp|A0A1V0HUX5|PYCC_RHOS2,0.009207648457959294,0,0,0.9815847030840814
sp|O14072|ATC4_SCHPO,0.31556376367807387,0,0,0.36887247264385226
VFG009554,0.9110976815223694,1,1,0.8221953630447387
sp|P33675|ENO_ZYMMO,0.07166307307779789,0,0,0.8566738538444042
VFG007972,0.7508416295051574,1,1,0.5016832590103149
VFG008215,0.9950849413871765,1,1,0.990169882774353
VFG023586,0.9915138840675354,1,1,0.9830277681350708
gi|56707827|ref|YP_169723.1|,0.955656087398529,1,1,0.9113121747970581
VFG002024,0.9975158452987671,1,1,0.9950316905975343
sp|P59628|RL333_ENTFA,0.024376763217151164,0,0,0.9512464735656977
sp|Q9PN58|PDXA_CAMJE,0.2839709907770157,0,0,0.4320580184459686
sp|P9WQI1|Y647_MYCTU,0.37482784390449525,0,0,0.2503443121910095
sp|O13332|AUR1_CANAL,0.05692443326115608,0,0,0.8861511334776878
VFG016503,0.8215413212776184,1,1,0.6430826425552367
sp|Q9KB30|REOX_HALH5,0.05706973634660244,0,0,0.8858605273067951
VFG000051,0.9975158452987671,1,1,0.9950316905975343
VFG004764,0.9770470976829528,1,1,0.9540941953659057
VFG022041,0.9990909099578857,1,1,0.9981818199157715
VFG044284,0.9882713556289673,1,1,0.9765427112579346
VFG010055,0.9975158452987671,1,1,0.9950316905975343
sp|B0UET5|CAH_METS4,0.023148600570857526,0,0,0.9537027988582849
sp|P0A8Z3|YBGC_ECOLI,0.11709471940994262,0,0,0.7658105611801147
VFG030403,0.2869211554527283,0,1,0.42615768909454343
sp|Q3IHM8|METAS_PSET1,0.18536048829555513,0,0,0.6292790234088897
VFG049215,0.9985259413719177,1,1,0.9970518827438355
VFG002419,0.504845142364502,1,1,0.009690284729003906
VFG022742,0.9836332321166992,1,1,0.9672664642333983
VFG014212,0.9915138840675354,1,1,0.9830277681350708
VFG042647,0.9985259413719177,1,1,0.9970518827438355
sp|P12746|LUXR_ALIFS,0.9636822581291199,1,0,0.9273645162582398
VFG001218,0.9973593115806579,1,1,0.9947186231613159
sp|Q9HGN2|YO48_SCHPO,0.03530212938785553,0,0,0.9293957412242889
VFG001361,0.9852086901664734,1,1,0.9704173803329468
gi|182684428|ref|YP_001836175.1|,0.18061191141605376,0,1,0.6387761771678925
VFG016666,1.0,1,1,1.0
VFG041353,0.9224638342857361,1,1,0.8449276685714722
sp|P24224|ACPS_ECOLI,0.11626770868897437,0,0,0.7674645826220512
VFG048930,0.7263617396354676,1,1,0.45272347927093515
VFG043269,0.9923796892166138,1,1,0.9847593784332276
sp|O74360|RGA4_SCHPO,0.010707133309915661,0,0,0.9785857333801686
VFG041709,0.9892219781875611,1,1,0.9784439563751222
sp|A0QP27|MMPL3_MYCS2,0.9852086901664734,1,0,0.9704173803329468
VFG037878,0.9695786952972412,1,1,0.9391573905944823
VFG006282,0.9985259413719177,1,1,0.9970518827438355
VFG051189,0.9168033957481384,1,1,0.8336067914962768
sp|P76342|MSRP_ECOLI,0.1369445100426674,0,0,0.7261109799146652
sp|Q9C169|CAT3_NEUCR,0.08178834468126298,0,0,0.8364233106374741
sp|O74395|STR1_SCHPO,0.07815108150243759,0,0,0.8436978369951248
VFG013258,0.9854410409927368,1,1,0.9708820819854735
VFG002017,0.9967943429946899,1,1,0.9935886859893799
fig|169963.11.peg.810|lmo0787|VBILisMon69206_0810|,0.1562061131000519,0,1,0.6875877737998962
VFG022273,0.9932019352912903,1,1,0.9864038705825806
sp|P05752|RS6A_SCHPO,0.01747797932475805,0,0,0.9650440413504839
sp|Q3E766|YM175_YEAST,0.15592816174030305,0,0,0.6881436765193939
sp|O87952|KTRA_VIBAL,0.40430663228034974,0,0,0.19138673543930051
sp|Q0CGA6|AA13_ASPTN,0.016980160027742386,0,0,0.9660396799445152
sp|Q12287|COX17_YEAST,0.051384225860238074,0,0,0.8972315482795239
sp|Q24SP6|MTGA_DESHY,0.012663123616948723,0,0,0.9746737527661026
sp|P32500|NDC1_YEAST,0.04205482415854931,0,0,0.9158903516829013
sp|O48500|DUT_BPT5,0.09472687691450118,0,0,0.8105462461709976
VFG016528,0.8355141878128052,1,1,0.6710283756256104
VFG040838,0.9975158452987671,1,1,0.9950316905975343
VFG050280,0.8686468243598938,1,1,0.7372936487197876
sp|P19685|SODF_COXBU,0.3262612819671631,0,0,0.34747743606567383
sp|O52179|SGP2_ALLVD,0.03158805016428232,0,0,0.9368238996714353
sp|Q12263|GIN4_YEAST,0.020435635186731815,0,0,0.9591287296265364
sp|P01006|SSI_STRAO,0.061637111753225324,0,0,0.8767257764935493
sp|P45428|DCUD_ECOLI,0.07986578643321991,0,0,0.8402684271335602
sp|Q5XAP2|RPOZ_STRP6,0.1179311141371727,0,0,0.7641377717256546
gi|581756|emb|CAA39304.1|,0.48034122586250305,0,1,0.039317548274993896
gi|15610767|ref|NP_218148.1|,0.39733014702796937,0,1,0.20533970594406126
sp|O13889|E2AK1_SCHPO,0.012663123616948723,0,0,0.9746737527661026
sp|P9WN23|TRHBO_MYCTU,0.15746651738882064,0,0,0.6850669652223587
VFG013098,1.0,1,1,1.0
VFG000796,0.9885550737380981,1,1,0.9771101474761963
sp|Q8DGB4|PSAL_THEVB,0.02789747267961502,0,0,0.94420505464077
VFG000135,0.9799511909484864,1,1,0.9599023818969727
sp|P9WML9|HIS7_MYCTU,0.0530636515468359,0,0,0.8938726969063282
sp|P43567|AGX1_YEAST,0.027907435782253742,0,0,0.9441851284354925
sp|Q1MTR4|CTI6_SCHPO,0.051618024706840515,0,0,0.896763950586319
sp|P46187|RSEC_ECOLI,0.6610572099685669,1,0,0.32211441993713374
sp|P23337|GYS1_YEAST,0.08190137967467308,0,0,0.8361972406506538
VFG001838,0.9915138840675354,1,1,0.9830277681350708
sp|P39639|BACB_BACSU,0.05096408911049366,0,0,0.8980718217790127
sp|P45141|RBFA_HAEIN,0.17481603622436523,0,0,0.6503679275512695
sp|Q07655|WHI4_YEAST,0.007749477447941899,0,0,0.9845010451041162
VFG017876,0.9466021895408631,1,1,0.8932043790817261
sp|Q6C2V6|ATP14_YARLI,0.0007220216561108827,0,0,0.9985559566877782
sp|P45206|SSPB_HAEIN,0.45979451537132265,0,0,0.08041096925735469
VFG013534,0.8096369981765748,1,1,0.6192739963531495
sp|O74849|GHT6_SCHPO,0.10868342220783234,0,0,0.7826331555843353
sp|Q02201|OSH6_YEAST,0.016290504857897757,0,0,0.9674189902842045
sp|P35618|SAKP_LATSK,0.044642163440585136,0,0,0.9107156731188297
VFG000260,0.9949113368988037,1,1,0.9898226737976075
sp|Q02805|ROD1_YEAST,0.10857179909944534,0,0,0.7828564018011093
sp|P40527|ATC7_YEAST,0.11551954299211502,0,0,0.7689609140157699
sp|Q12010|YPQ1_YEAST,0.0727594405412674,0,0,0.8544811189174653
VFG019748,0.9904016375541687,1,1,0.9808032751083373
VFG042308,0.9990909099578857,1,1,0.9981818199157715
sp|P9WP77|FBIC_MYCTU,0.13250982165336608,0,0,0.7349803566932678
VFG048868,0.6303116321563721,1,1,0.2606232643127442
sp|Q92A83|HIS8_LISIN,0.39885020852088926,0,0,0.20229958295822148
sp|Q2FZQ3|FABI_STAA8,0.14318824261426927,0,0,0.7136235147714615
sp|P14291|RED1_YEAST,0.009705467754974962,0,0,0.9805890644900501
sp|P87126|CWC2_SCHPO,0.0007220216561108827,0,0,0.9985559566877782
sp|P36008|EF1G2_YEAST,0.035737312957644464,0,0,0.928525374084711
sp|A0A481NV25|TYRDC_ENTFC,0.21637400090694428,0,0,0.5672519981861115
sp|P75578|RL23_MYCPN,0.13311670273542403,0,0,0.7337665945291519
sp|Q0CWD0|APVA_ASPTN,0.06869113668799401,0,0,0.862617726624012
sp|Q46506|HNDB_SOLFR,0.04258219841867685,0,0,0.9148356031626463
sp|Q59334|HEM2_CHLP8,0.05704295262694359,0,0,0.8859140947461128
sp|P64426|DIGH_ECOLI,0.10256251692771912,0,0,0.7948749661445618
sp|O74854|POF6_SCHPO,0.007390053803101182,0,0,0.9852198923937976
VFG041782,0.9990909099578857,1,1,0.9981818199157715
sp|G0REW7|C3HPD_HYPJQ,0.27445861995220183,0,0,0.45108276009559634
gi|7687905|gb|AAC41649.2|,0.6137554109096527,1,1,0.22751082181930538
sp|P53226|BUD9_YEAST,0.024589798087254165,0,0,0.9508204038254917
sp|P45798|GUB_RHOMR,0.05537275187671185,0,0,0.8892544962465763
sp|Q9X2A1|ASSY_THEMA,0.19631989896297455,0,0,0.607360202074051
sp|P96579|YDAF_BACSU,0.10435194671154022,0,0,0.7912961065769195
sp|P0DPP1|YNFP_ECOLI,0.6092476963996887,1,0,0.21849539279937735
VFG015893,0.20617862045764923,0,1,0.5876427590847015
sp|Q9FDN7|FPRA_MOOTA,0.12895189374685287,0,0,0.7420962125062942
sp|P14945|LZ8_GANLU,0.15662674903869628,0,0,0.6867465019226074
VFG030491,0.9601333498954773,1,1,0.9202666997909545
VFG041408,0.9324486017227173,1,1,0.8648972034454345
sp|Q08955|CSM4_YEAST,0.11406284719705581,0,0,0.7718743056058883
VFG043851,0.9901418805122375,1,1,0.980283761024475
sp|P21687|CRTY_PANAN,0.10708470046520233,0,0,0.7858305990695953
VFG042052,0.9990909099578857,1,1,0.9981818199157715
sp|Q7TDB4|VP3_MYRV9,0.11461426615715027,0,0,0.7707714676856995
sp|Q9RR31|OLEV_STRAT,0.13113065659999848,0,0,0.7377386868000031
VFG004212,0.9649320006370544,1,1,0.9298640012741088
sp|A7IQH5|HCDS3_XANP2,0.20046380013227463,0,0,0.5990723997354508
sp|P9WNG3|FABH_MYCTU,0.18615849912166596,0,0,0.6276830017566681
sp|F2RB80|CMLA_STRVP,0.0280213488265872,0,0,0.9439573023468256
VFG023194,0.9885550737380981,1,1,0.9771101474761963
sp|Q9WZ31|CORA_THEMA,0.06659979075193405,0,0,0.8668004184961319
sp|Q06336|GGA1_YEAST,0.12387224137783051,0,0,0.752255517244339
VFG041867,0.9783732533454895,1,1,0.956746506690979
sp|P19638|UDPK_BACSU,0.057296231389045715,0,0,0.8854075372219086
VFG015813,0.96497483253479,1,1,0.92994966506958
VFG015621,0.9943144083023071,1,1,0.9886288166046142
VFG001918,0.9980808138847351,1,1,0.9961616277694703
VFG000987,0.9985259413719177,1,1,0.9970518827438355
sp|O31270|ISCU_AZOVI,0.1320483773946762,0,0,0.7359032452106475
VFG038386,0.9990909099578857,1,1,0.9981818199157715
sp|Q53882|DNRE_STRS5,0.0768814604729414,0,0,0.8462370790541172
sp|P18496|ATP10_YEAST,0.019125260785222052,0,0,0.9617494784295559
gi|68476229|ref|XP_717764.1|,0.1132899820804596,0,1,0.7734200358390808
sp|A0A348B793|STS25_POSPM,0.00543406349606812,0,0,0.9891318730078638
sp|D4B4X4|CHI33_ARTBC,0.03475623913109303,0,0,0.9304875217378139
gi|17988092|ref|NP_540726.1|,0.39623007774353025,0,1,0.2075398445129395
VFG039352,1.0,1,1,1.0
sp|Q51718|PHAZ_PSEFL,0.20394598245620726,0,0,0.5921080350875855
VFG021781,0.9975158452987671,1,1,0.9950316905975343
sp|B8M9H9|FAEB_TALSN,0.017789989709854126,0,0,0.9644200205802917
sp|P94358|ALDY_BACSU,0.040368315577507016,0,0,0.9192633688449859
VFG006063,0.9535164713859559,1,1,0.9070329427719117
VFG016577,0.9975158452987671,1,1,0.9950316905975343
sp|P05743|RL26A_YEAST,0.004432397941127419,0,0,0.9911352041177451
sp|Q8P833|4HYPE_XANCP,0.044506436213850975,0,0,0.910987127572298
VFG009198,0.9985259413719177,1,1,0.9970518827438355
sp|Q5FPE5|GMDH_GLUOX,0.02096409071236849,0,0,0.958071818575263
sp|P41409|RIHA_ECOLI,0.03486654181033373,0,0,0.9302669163793326
sp|Q9ALN9|SPNR_SACSN,0.4800276875495911,0,0,0.03994462490081785
VFG009333,0.8144786953926086,1,1,0.6289573907852173
VFG051998,0.9710271477699279,1,1,0.9420542955398559
sp|O33854|NART_STACT,0.3766415297985077,0,0,0.24671694040298464
gi|16765159|ref|NP_460774.1|,0.17269772440195083,0,1,0.6546045511960983
VFG049974,0.6596223771572113,1,1,0.31924475431442256
VFG015821,0.9854410409927368,1,1,0.9708820819854735
gi|15601946|ref|NP_245018.1|,0.43059949278831483,0,1,0.13880101442337034
VFG013240,0.5993622779846192,1,1,0.19872455596923833
gi|15645025|ref|NP_207195.1|,0.17425253391265869,0,1,0.6514949321746826
sp|P61503|SODM_THET8,0.12188277840614319,0,0,0.7562344431877136
sp|G2JHL6|AIDA_ACIBM,0.31711270213127135,0,0,0.3657745957374573
sp|P0A8K1|PSD_ECOLI,0.1150474950671196,0,0,0.7699050098657608
VFG015011,0.8775622367858886,1,1,0.7551244735717773
VFG042371,0.9975158452987671,1,1,0.9950316905975343
sp|P17065|SEC2_YEAST,0.00543406349606812,0,0,0.9891318730078638
sp|C1P609|YOHP_ECOLI,0.19330771565437316,0,0,0.6133845686912537
VFG013487,0.9463702917099,1,1,0.8927405834197999
VFG042822,0.9980808138847351,1,1,0.9961616277694703
sp|P47084|MRX12_YEAST,0.004078343557193875,0,0,0.9918433128856122
sp|O87872|BAMA_THAAR,0.04687427766621113,0,0,0.9062514446675778
sp|Q05582|CAS2_STRCL,0.03894671499729156,0,0,0.9221065700054168
VFG043195,0.9340428233146667,1,1,0.8680856466293334
sp|Q92348|MU183_SCHPO,0.012663123616948723,0,0,0.9746737527661026
sp|C3LT09|NDK_VIBCM,0.09792712777853012,0,0,0.8041457444429397
gi|29376708|ref|NP_815862.1|,0.25968189239501954,0,1,0.4806362152099609
sp|P94393|PUTR_BACSU,0.22097678780555724,0,0,0.5580464243888855
VFG041846,0.9949113368988037,1,1,0.9898226737976075
VFG050239,0.5480765998363495,1,1,0.09615319967269897
gi|15901644|ref|NP_346248.1|,0.3080362379550934,0,1,0.38392752408981323
VFG011316,0.9990909099578857,1,1,0.9981818199157715
sp|D7P5V0|ASUE1_STRNS,0.00543406349606812,0,0,0.9891318730078638
sp|O25608|RDXA_HELPY,0.33786794543266296,0,0,0.3242641091346741
gi|15608706|ref|NP_216084.1|,0.1606189027428627,0,1,0.6787621945142746
sp|A5F934|OMPU_VIBC3,0.911510419845581,1,0,0.823020839691162
VFG000285,0.9975158452987671,1,1,0.9950316905975343
sp|Q07121|AMO1_ARTS1,0.07298150211572647,0,0,0.8540369957685471
VFG013177,0.7598592400550842,1,1,0.5197184801101684
VFG022199,0.9906702876091004,1,1,0.9813405752182007
sp|D7PI10|GSFR2_PENAE,0.07300387602299452,0,0,0.853992247954011
sp|Q07921|TEN1_YEAST,0.10028233155608177,0,0,0.7994353368878364
sp|P0DV58|OLD8_ECOLX,0.28361224234104154,0,0,0.4327755153179169
VFG015421,0.9975158452987671,1,1,0.9950316905975343
sp|Q0CCX5|GEDK_ASPTN,0.02060317825525999,0,0,0.95879364348948
sp|Q83A32|Y2079_COXBU,0.9923796892166138,1,0,0.9847593784332276
sp|P36148|GPT2_YEAST,0.04096817821264267,0,0,0.9180636435747147
VFG037971,0.857526445388794,1,1,0.7150528907775879
sp|B3FWS5|HPM9_HYPSB,0.0280213488265872,0,0,0.9439573023468256
gi|799338232|ref|XP_012051624.1|,0.036801614239811896,0,1,0.9263967715203762
gi|15645478|ref|NP_207653.1|,0.9486276388168335,1,1,0.8972552776336671
VFG025512,0.9942191362380981,1,1,0.9884382724761962
sp|P85987|CAPSD_BPSK1,0.06568692177534104,0,0,0.868626156449318
VFG041831,0.9990909099578857,1,1,0.9981818199157715
VFG023389,0.9967943429946899,1,1,0.9935886859893799
VFG009146,0.9649749517440795,1,1,0.9299499034881591
VFG040977,0.972411823272705,1,1,0.9448236465454101
sp|E9CXX8|MNS1B_COCPS,0.025876248069107533,0,0,0.9482475038617849
sp|P0AE60|CEDA_ECOLI,0.06277185901999474,0,0,0.8744562819600106
sp|P41797|HSP71_CANAL,0.157878115773201,0,0,0.684243768453598
VFG005636,0.9887874245643615,1,1,0.9775748491287231
sp|P32570|MED22_YEAST,0.0007220216561108827,0,0,0.9985559566877782
sp|Q839G3|RL4_ENTFA,0.08639854341745376,0,0,0.8272029131650924
sp|Q12003|ENV7_YEAST,0.05887477770447731,0,0,0.8822504445910454
VFG040936,0.979312252998352,1,1,0.958624505996704
sp|Q08816|YO352_YEAST,0.005527970939874649,0,0,0.9889440581202507
VFG021872,0.9847160458564759,1,1,0.9694320917129517
sp|Q72V44|CADD_LEPIC,0.21229855716228485,0,0,0.5754028856754303
sp|P0A8D6|YMDB_ECOLI,0.04089677110314369,0,0,0.9182064577937126
sp|Q9RT21|TIG_DEIRA,0.23986094295978547,0,0,0.5202781140804291
sp|P25359|RRP43_YEAST,0.042031661793589595,0,0,0.9159366764128208
VFG042620,0.9157484531402588,1,1,0.8314969062805175
gi|15803172|ref|NP_289204.1|,0.9282501578330994,1,1,0.8565003156661988
sp|P12294|ENS2_YEASX,0.08041428104043007,0,0,0.8391714379191398
sp|P19220|ADAB_BACSU,0.07966234982013702,0,0,0.8406753003597259
sp|O30434|ETCP_ENTFC,0.184241983294487,0,0,0.631516033411026
VFG007998,0.979692280292511,1,1,0.959384560585022
gi|17988384|ref|NP_541017.1|,0.07628242149949074,0,1,0.8474351570010186
VFG013151,0.3435512244701385,0,1,0.31289755105972294
sp|P77921|COX4_PARDE,0.03119298480451107,0,0,0.9376140303909779
VFG044360,0.840939724445343,1,1,0.6818794488906861
VFG051345,0.9956328392028808,1,1,0.9912656784057616
VFG052269,0.9895721316337586,1,1,0.9791442632675171
VFG008312,0.9873053312301636,1,1,0.9746106624603272
sp|O94591|YC81_SCHPO,0.3172048687934875,0,0,0.36559026241302495
sp|Q2FUR9|NIXA_STAA8,0.2233203113079071,0,0,0.5533593773841858
sp|Q12527|ATG11_YEAST,0.10161283244378864,0,0,0.7967743351124227
sp|P22106|ASNB_ECOLI,0.058778238296508786,0,0,0.8824435234069824
sp|Q12428|PRPD_YEAST,0.1029100015759468,0,0,0.7941799968481064
sp|P27835|WZYE_ECOLI,0.6725121557712554,1,0,0.3450243115425109
sp|Q8G998|OTCC_LENHI,0.035238230414688584,0,0,0.9295235391706228
VFG045327,0.8689437866210937,1,1,0.7378875732421875
VFG016971,0.9990909099578857,1,1,0.9981818199157715
sp|P36275|DECO_BPP21,0.27422901093959806,0,0,0.4515419781208039
VFG007280,0.9839589476585389,1,1,0.9679178953170777
sp|Q59RQ0|PIF1_CANAL,0.020435635186731815,0,0,0.9591287296265364
sp|P43613|ERJ5_YEAST,0.0024764076340943577,0,0,0.9950471847318113
sp|P9WF45|WHIA_MYCTU,0.25973808765411377,0,0,0.48052382469177246
sp|P9WJA1|HSAA_MYCTU,0.15585267096757888,0,0,0.6882946580648422
sp|Q9RY80|DDRB_DEIRA,0.06773627139627933,0,0,0.8645274572074413
VFG041930,0.9804423928260804,1,1,0.9608847856521607
VFG014184,0.9949113368988037,1,1,0.9898226737976075
VFG010240,0.9990909099578857,1,1,0.9981818199157715
sp|P08457|STA_STRLA,0.023109191469848155,0,0,0.9537816170603037
VFG038663,0.9913190722465515,1,1,0.9826381444931029
VFG015609,0.5865018486976623,1,1,0.17300369739532462
VFG042163,0.9906702876091004,1,1,0.9813405752182007
sp|Q1K8F6|NAGS_NEUCR,0.04143366478383541,0,0,0.9171326704323292
sp|O31817|FOSB_BACSU,0.12153340876102448,0,0,0.756933182477951
sp|Q12305|RDL1_YEAST,0.009207648457959294,0,0,0.9815847030840814
VFG038512,1.0,1,1,1.0
VFG041180,0.9525955080986023,1,1,0.9051910161972045
sp|Q08214|NTH2_YEAST,0.020435635186731815,0,0,0.9591287296265364
VFG038073,0.9809682488441467,1,1,0.9619364976882934
sp|O82850|RS2_PSEAE,0.025876248069107533,0,0,0.9482475038617849
sp|P40403|CHEC_BACSU,0.2571949362754822,0,0,0.48561012744903564
sp|A9CEZ0|SQASE_AGRFC,0.14428792744874955,0,0,0.711424145102501
gi|126208249|ref|YP_001053474.1|,0.08586057424545288,0,1,0.8282788515090942
gi|15642430|ref|NP_232063.1|,0.2818064898252487,0,1,0.4363870203495026
VFG002483,0.9468969583511353,1,1,0.8937939167022706
sp|Q8J0F6|MLCC_PENCI,0.0024764076340943577,0,0,0.9950471847318113
VFG009070,0.924810254573822,1,1,0.8496205091476441
gi|56708590|ref|YP_170486.1|,0.5168825864791871,1,1,0.03376517295837411
sp|Q1K8E7|SREA_NEUCR,0.2949752748012543,0,0,0.4100494503974914
sp|P56216|VAOX_PENSI,0.14702871590852737,0,0,0.7059425681829452
VFG001997,0.9853978753089905,1,1,0.970795750617981
VFG016456,0.8499307990074157,1,1,0.6998615980148315
VFG044448,0.9904016375541687,1,1,0.9808032751083373
sp|Q9C0U9|YQD3_SCHPO,0.0579853892326355,0,0,0.884029221534729
gi|116515895|ref|YP_816917.1|,0.5335397243499755,1,1,0.06707944869995108
sp|P0A8B5|YBAB_ECOLI,0.08487040475010872,0,0,0.8302591904997826
sp|P0AB91|AROG_ECOLI,0.2514210224151611,0,0,0.49715795516967776
VFG001233,0.9778525352478027,1,1,0.9557050704956054
VFG016521,0.8961862802505494,1,1,0.7923725605010987
VFG041679,0.9885037064552307,1,1,0.9770074129104613
sp|Q9ZES5|SLAP_BACTF,0.46466373801231386,0,0,0.07067252397537227
sp|Q01950|PYC1_SYNY3,0.03167265448719263,0,0,0.9366546910256147
VFG029473,0.9820178508758545,1,1,0.9640357017517089
VFG000544,1.0,1,1,1.0
sp|P25390|SSK22_YEAST,0.015711859660223128,0,0,0.9685762806795537
VFG036231,0.9990909099578857,1,1,0.9981818199157715
VFG014681,0.9853642344474792,1,1,0.9707284688949585
gi|9629410|ref|NP_044631.1|,0.2570431768894196,0,1,0.48591364622116084
VFG047215,0.9899433374404907,1,1,0.9798866748809814
VFG042873,0.9980808138847351,1,1,0.9961616277694703
sp|O13927|THT2_SCHPO,0.11244524270296097,0,0,0.7751095145940781
sp|P9WHD5|RL16_MYCTU,0.024298103339970113,0,0,0.9514037933200598
gi|15802787|ref|NP_288814.1|,0.9800369262695312,1,1,0.9600738525390624
sp|G3Y421|YANI_ASPNA,0.11989438086748123,0,0,0.7602112382650376
VFG002700,0.35397836565971375,0,1,0.2920432686805725
VFG000685,0.9381789565086365,1,1,0.876357913017273
sp|P82291|CYB5_ECTSH,0.0024764076340943577,0,0,0.9950471847318113
gi|15609368|ref|NP_216747.1|,0.22484738528728485,0,1,0.5503052294254303
VFG043596,0.6111195266246796,1,1,0.22223905324935922
VFG044254,0.4300722301006317,0,1,0.13985553979873655
VFG013302,0.9832675933837891,1,1,0.9665351867675782
sp|Q8DNE6|COAD_STRR6,0.16502518057823182,0,0,0.6699496388435364
VFG041563,0.9873053312301636,1,1,0.9746106624603272
VFG004796,0.473310250043869,0,1,0.053379499912261985
VFG046120,0.9975158452987671,1,1,0.9950316905975343
sp|Q53228|REGA_CERS4,0.40941116213798523,0,0,0.18117767572402954
sp|A0A0K2H9D8|CHDC_GEOS3,0.028115355223417283,0,0,0.9437692895531654
VFG016285,0.9885550737380981,1,1,0.9771101474761963
VFG002382,0.7996252298355102,1,1,0.5992504596710204
VFG014583,0.9975158452987671,1,1,0.9950316905975343
VFG013878,0.9887874245643615,1,1,0.9775748491287231
sp|O07737|Y1895_MYCTU,0.31615619659423827,0,0,0.36768760681152346
gi|68483450|ref|XP_714381.1|,0.018479644879698755,0,1,0.9630407102406024
VFG039595,0.9980808138847351,1,1,0.9961616277694703
sp|Q4WZ63|EASC_ASPFU,0.08924515377730131,0,0,0.8215096924453974
sp|Q12516|SRF1_YEAST,0.003388688387349248,0,0,0.9932226232253015
VFG022656,0.890155839920044,1,1,0.780311679840088
VFG025285,0.9985259413719177,1,1,0.9970518827438355
sp|Q9I0A2|RL20_PSEAE,0.06535542272031307,0,0,0.8692891545593738
VFG001346,0.946808660030365,1,1,0.89361732006073
fig|83332.12.peg.2168|Rv1940|VBIMycTub87468_2168|,0.2052753359079361,0,1,0.5894493281841278
sp|O94656|ATG16_SCHPO,0.029724104143679143,0,0,0.9405517917126417
sp|Q4WZ69|EASG_ASPFU,0.0737120721489191,0,0,0.8525758557021618
VFG040892,0.9909313797950745,1,1,0.981862759590149
VFG015892,0.19304737746715545,0,1,0.6139052450656891
sp|P84139|KAD_SPOGL,0.05044097900390625,0,0,0.8991180419921875
VFG002653,0.9990909099578857,1,1,0.9981818199157715
VFG035434,0.9985259413719177,1,1,0.9970518827438355
sp|Q4WF29|ESTB_ASPFU,0.08591008335351943,0,0,0.8281798332929611
sp|P05374|CHO2_YEAST,0.014535519108176232,0,0,0.9709289617836475
VFG001985,0.9533351421356201,1,1,0.9066702842712402
VFG040861,0.9980808138847351,1,1,0.9961616277694703
gi|15594498|ref|NP_212287.1|,0.2507342711091042,0,1,0.49853145778179164
VFG051132,0.9980808138847351,1,1,0.9961616277694703
sp|P39929|SNF7_YEAST,0.011564331548288464,0,0,0.9768713369034231
VFG001914,0.9915138840675354,1,1,0.9830277681350708
fig|83332.12.peg.3735|Rv3343c|VBIMycTub87468_3735|,0.8848824739456177,1,1,0.7697649478912354
sp|Q7A5B0|MTNN_STAAN,0.14726400077342988,0,0,0.7054719984531402
VFG007863,0.9913190722465515,1,1,0.9826381444931029
sp|P33919|RADD_ECOLI,0.21532886028289794,0,0,0.5693422794342041
sp|P75447|RL35_MYCPN,0.11953571736812592,0,0,0.7609285652637482
VFG014982,0.9858568787574769,1,1,0.9717137575149537
sp|H8WEC1|AUPA_MARN1,0.13483218848705292,0,0,0.7303356230258942
sp|P71346|YFIA_HAEIN,0.12363642454147339,0,0,0.7527271509170532
sp|A0A2P1DP91|MACA_PENTR,0.1567415863275528,0,0,0.6865168273448944
VFG028743,0.9868463277816772,1,1,0.9736926555633545
VFG042075,1.0,1,1,1.0
sp|P41930|SSU1_YEAST,0.05453079044818878,0,0,0.8909384191036225
sp|P0DP65|YAFV_STAA4,0.25409962236881256,0,0,0.4918007552623749
VFG046913,0.9383569359779358,1,1,0.8767138719558716
VFG001007,0.9967943429946899,1,1,0.9935886859893799
gi|9629447|ref|NP_044668.1|,0.4009670436382294,0,1,0.19806591272354124
VFG052214,0.9748361945152283,1,1,0.9496723890304566
sp|Q5AMF7|PGA57_CANAL,0.08290202915668488,0,0,0.8341959416866302
VFG041412,0.9851655244827271,1,1,0.9703310489654542
sp|P38753|HSE1_YEAST,0.0724961668252945,0,0,0.855007666349411
gi|30264948|ref|NP_847325.1|,0.3146201133728027,0,1,0.3707597732543946
VFG007146,1.0,1,1,1.0
sp|P87047|HSP71_PARBA,0.18983153700828553,0,0,0.6203369259834289
sp|P02910|HISJ_SALTY,0.12241803407669068,0,0,0.7551639318466187
sp|P35189|TAF14_YEAST,0.00812238808721304,0,0,0.9837552238255739
sp|Q8YPR1|PGK_NOSS1,0.14893650710582734,0,0,0.7021269857883453
VFG043553,0.12899430394172667,0,1,0.7420113921165467
sp|Q55054|URE2_STRE5,0.21985417306423188,0,0,0.5602916538715362
VFG000241,0.6713578760623932,1,1,0.34271575212478633
VFG041463,0.9874858736991883,1,1,0.9749717473983766
sp|P40518|ARPC5_YEAST,0.016290504857897757,0,0,0.9674189902842045
VFG040741,0.9923796892166138,1,1,0.9847593784332276
sp|P00561|AK1H_ECOLI,0.270543760061264,0,0,0.45891247987747197
VFG036264,1.0,1,1,1.0
sp|Q2FZG9|RNJ1_STAA8,0.2962141841650009,0,0,0.4075716316699982
VFG039234,0.9741404891014099,1,1,0.9482809782028199
VFG045307,0.43562484383583067,0,1,0.12875031232833867
VFG002064,0.9985259413719177,1,1,0.9970518827438355
fig|83332.12.peg.4083|Rv3663c|VBIMycTub87468_4083|,0.3023045301437378,0,1,0.39539093971252437
sp|P08142|ILVB_ECOLI,0.4755749642848969,0,0,0.048850071430206254
gi|68473011|ref|XP_719311.1|,0.18739149421453477,0,1,0.6252170115709305
VFG018076,0.9949113368988037,1,1,0.9898226737976075
VFG000540,0.9985259413719177,1,1,0.9970518827438355
gi|343407444|gb|AEM23729.1|,0.3696482479572296,0,1,0.26070350408554077
sp|I7ZK32|CYPC3_ASPO3,0.019976131990551947,0,0,0.9600477360188961
gi|15641027|ref|NP_230658.1|,0.24285548329353332,0,1,0.5142890334129333
sp|Q182S6|RPOZ_CLOD6,0.07784100025892257,0,0,0.8443179994821548
VFG030615,0.9462367057800293,1,1,0.8924734115600585
VFG042119,0.9004909515380859,1,1,0.8009819030761718
sp|G4STG9|PFP_META2,0.07469098046422004,0,0,0.8506180390715599
VFG016799,0.6862461984157562,1,1,0.37249239683151236
sp|Q8Y3W5|Y2714_LISMO,0.9915655970573425,1,0,0.983131194114685
VFG011829,0.9849483966827393,1,1,0.9698967933654785
sp|D7P5X0|ASUE3_STRNS,0.09454909339547157,0,0,0.8109018132090569
VFG001839,0.9779838681221008,1,1,0.9559677362442016
gi|23500514|ref|NP_699954.1|,0.18772412538528443,0,1,0.6245517492294311
VFG004922,0.9985259413719177,1,1,0.9970518827438355
VFG043304,0.7084230303764343,1,1,0.41684606075286856
gi|15596206|ref|NP_249700.1|,0.19261446297168733,0,1,0.6147710740566253
VFG037063,0.7476006388664246,1,1,0.49520127773284917
sp|A0A1D8PF45|RL37B_CANAL,0.03633338678628206,0,0,0.9273332264274359
gi|15900377|ref|NP_344981.1|,0.9748361945152283,1,1,0.9496723890304566
sp|A0A1W7HCY1|IUTB_VIBVL,0.8665254354476929,1,0,0.7330508708953858
VFG006582,0.93680499792099,1,1,0.8736099958419801
VFG041266,0.19389762878417968,0,1,0.6122047424316406
sp|P53250|TWF1_YEAST,0.010471544787287712,0,0,0.9790569104254245
VFG009934,0.9976085066795349,1,1,0.9952170133590699
VFG006935,0.9942626953125,1,1,0.988525390625
sp|B0B9D1|PRMC_CHLT2,0.17570484280586243,0,0,0.6485903143882752
sp|P55834|RL7_HELPY,0.018793391669169067,0,0,0.9624132166616619
sp|Q9Y7Q9|YCX2_SCHPO,0.06792262643575668,0,0,0.8641547471284866
VFG002343,0.9934486031532288,1,1,0.9868972063064576
sp|O87401|URE2_SYNPV,0.05988998562097549,0,0,0.8802200287580491
sp|P48842|GANA_ASPAC,0.003388688387349248,0,0,0.9932226232253015
VFG023335,0.9411912441253663,1,1,0.8823824882507325
fig|83332.12.peg.2093|Rv1876|VBIMycTub87468_2093|,0.16190500557422638,0,1,0.6761899888515472
VFG041486,0.9899513840675354,1,1,0.9799027681350707
sp|A0A3T0QHS4|PVHR_TALVA,0.09682555720210076,0,0,0.8063488855957985
VFG043444,0.9923361301422119,1,1,0.9846722602844238
VFG010149,0.9990909099578857,1,1,0.9981818199157715
sp|P39717|GPB2_YEAST,0.030252559669315816,0,0,0.9394948806613683
sp|Q84H44|XSC_CASDE,0.127110156416893,0,0,0.745779687166214
sp|Q12199|TIP41_YEAST,0.1763605460524559,0,0,0.6472789078950882
VFG000375,1.0,1,1,1.0
sp|Q2GIB5|AMPA_ANAPZ,0.9868739366531372,1,0,0.9737478733062743
VFG013490,0.956248939037323,1,1,0.912497878074646
sp|O74317|MUG98_SCHPO,0.05692443326115608,0,0,0.8861511334776878
gi|222778|dbj|BAA03355.1|,0.6358540952205658,1,1,0.2717081904411316
sp|P77526|YFCG_ECOLI,0.09884327203035355,0,0,0.8023134559392929
VFG044183,0.6281962394714355,1,1,0.2563924789428711
VFG049468,0.7176262378692627,1,1,0.43525247573852544
VFG043955,0.9873053312301636,1,1,0.9746106624603272
sp|P75736|YBFF_ECOLI,0.07582070156931878,0,0,0.8483585968613625
sp|O85057|LIHY_GEOSE,0.18119567930698394,0,0,0.6376086413860321
sp|G4MVZ2|ACE1_PYRO7,0.016290504857897757,0,0,0.9674189902842045
VFG043018,0.9409733176231384,1,1,0.8819466352462768
sp|Q46079|CSLB_PEDHD,0.5370179712772369,1,0,0.07403594255447388
sp|P07658|FDHF_ECOLI,0.170807883143425,0,0,0.65838423371315
VFG038729,0.9187256097793579,1,1,0.8374512195587158
gi|13448990|ref|NP_085206.1|,0.9689397573471069,1,1,0.9378795146942138
VFG042382,0.9787014484405517,1,1,0.9574028968811035
sp|P05889|GAG_HV1W2,0.2540670782327652,0,0,0.4918658435344696
VFG040962,0.9869932293891907,1,1,0.9739864587783813
VFG001761,0.9985259413719177,1,1,0.9970518827438355
sp|Q9L9F2|NOVP_STRNV,0.46978015899658204,0,0,0.060439682006835915
sp|Q9KQH5|FABH1_VIBCH,0.22956753969192506,0,0,0.5408649206161499
sp|Q06436|MAG2_YEAST,0.018479644879698755,0,0,0.9630407102406024
VFG042442,0.9924314022064209,1,1,0.9848628044128418
gi|56707236|ref|YP_169132.1|,0.9687297821044922,1,1,0.9374595642089845
sp|P9WMX1|MFTF_MYCTU,0.6158749222755432,1,0,0.23174984455108638
sp|P18336|GUN_CELUD,0.3000350326299667,0,0,0.39992993474006655
VFG039290,1.0,1,1,1.0
sp|Q9X2E1|OGG1_THEMA,0.0024764076340943577,0,0,0.9950471847318113
VFG045487,1.0,1,1,1.0
sp|P94542|ZAPA_BACSU,0.05656197816133499,0,0,0.88687604367733
VFG016359,0.9573067784309387,1,1,0.9146135568618774
VFG018748,0.9139370203018189,1,1,0.8278740406036378
sp|P02984|IMM3_ECOLX,0.3803072988986969,0,0,0.23938540220260618
sp|Q83CZ8|Y952_COXBU,0.9816057682037354,1,0,0.9632115364074707
sp|P42923|RL10_BACSU,0.014667014591395855,0,0,0.9706659708172083
sp|I1RL15|DPFGH_GIBZE,0.007390053803101182,0,0,0.9852198923937976
VFG005168,0.9990909099578857,1,1,0.9981818199157715
fig|216597.6.peg.3162|SL1344_2841|VBISalEnt88447_3162|,0.9648377776145936,1,1,0.9296755552291871
sp|Q9UUB1|RIB4_SCHPO,0.022580735944211484,0,0,0.954838528111577
gi|89257177|ref|YP_514539.1|,0.9739872813224792,1,1,0.9479745626449585
VFG039196,0.9956328392028808,1,1,0.9912656784057616
VFG015270,0.9990909099578857,1,1,0.9981818199157715
sp|Q12367|RKM5_YEAST,0.061500100418925285,0,0,0.8769997991621494
sp|P21599|KPYK2_ECOLI,0.24116355627775193,0,0,0.5176728874444961
VFG016676,0.861190015077591,1,1,0.7223800301551819
sp|Q8RDN6|NANA_FUSNN,0.16579767018556596,0,0,0.6684046596288681
VFG038908,0.9262988924980163,1,1,0.8525977849960327
sp|P38632|NSE2_YEAST,0.018390260078012942,0,0,0.9632194798439742
sp|A0A1E3B0T2|CRIC_ASPCR,0.04668014794588089,0,0,0.9066397041082382
sp|P32896|PDC2_YEAST,0.05535544529557228,0,0,0.8892891094088554
sp|Q55664|ALF2_SYNY3,0.16424912214279175,0,0,0.6715017557144165
sp|Q3KC85|SFNG_PSEPF,0.158349671959877,0,0,0.6833006560802459
sp|P9WM73|Y088_MYCTU,0.2996224224567413,0,0,0.4007551550865174
gi|15900547|ref|NP_345151.1|,0.9871066212654114,1,1,0.9742132425308228
sp|O34661|PANE_BACSU,0.02789747267961502,0,0,0.94420505464077
sp|A1E280|TRP6H_STRAO,0.045756783708930014,0,0,0.90848643258214
sp|Q08119|ESC8_YEAST,0.011396788479760288,0,0,0.9772064230404794
VFG002188,0.4748343527317047,0,1,0.050331294536590576
VFG004337,0.990496826171875,1,1,0.9809936523437499
VFG016470,0.9816057682037354,1,1,0.9632115364074707
sp|O32085|CDOA_BACSU,0.4186574459075928,0,0,0.1626851081848144
sp|P46915|COTSA_BACSU,0.22646636068820952,0,0,0.547067278623581
VFG002245,0.9990909099578857,1,1,0.9981818199157715
VFG016396,0.9093147277832031,1,1,0.8186294555664062
VFG048842,0.9834999442100525,1,1,0.966999888420105
VFG050595,0.9870216131210328,1,1,0.9740432262420655
sp|P87299|MUG74_SCHPO,0.047826934792101386,0,0,0.9043461304157973
VFG000065,0.9990909099578857,1,1,0.9981818199157715
VFG002310,0.9943144083023071,1,1,0.9886288166046142
sp|P53980|YNB1_YEAST,0.020391595922410487,0,0,0.9592168081551791
sp|P52920|NBP35_YEAST,0.05160420946776867,0,0,0.8967915810644627
VFG042934,0.9942626953125,1,1,0.988525390625
VFG006985,0.9899513840675354,1,1,0.9799027681350707
VFG043534,0.1823272690176964,0,1,0.6353454619646073
sp|P33416|HSP78_YEAST,0.3200922191143036,0,0,0.35981556177139284
gi|126207536|ref|YP_001052761.1|,0.6740078568458557,1,1,0.34801571369171147
VFG001146,0.9990909099578857,1,1,0.9981818199157715
VFG051398,0.9975158452987671,1,1,0.9950316905975343
VFG041923,0.967597770690918,1,1,0.935195541381836
VFG015649,0.9975158452987671,1,1,0.9950316905975343
sp|Q4JVS0|CDLS_CORJK,0.1979936897754669,0,0,0.6040126204490661
sp|P36325|VP7_AHSV4,0.09143385738134384,0,0,0.8171322852373123
sp|Q7A6H8|DHE2_STAAN,0.04899687059223652,0,0,0.902006258815527
sp|Q06412|TUS1_YEAST,0.027864804677665233,0,0,0.9442703906446696
VFG005988,0.9834999442100525,1,1,0.966999888420105
sp|P99100|DEOB_STAAN,0.25977649688720705,0,0,0.4804470062255859
gi|799342738|ref|XP_012052593.1|,0.2649257183074951,0,1,0.47014856338500977
sp|P00152|CYCP_MAGML,0.03740841541439295,0,0,0.9251831691712141
VFG041630,0.9748361945152283,1,1,0.9496723890304566
sp|Q10411|SPO15_SCHPO,0.13439977914094925,0,0,0.7312004417181015
sp|P80238|GS26_BACSU,0.1714838743209839,0,0,0.6570322513580322
VFG048946,0.9517868876457214,1,1,0.9035737752914428
sp|Q9PMS6|IXTPA_CAMJE,0.388707435131073,0,0,0.22258512973785405
sp|Q9I398|Y1624_PSEAE,0.7291808605194092,1,0,0.45836172103881845
VFG038268,0.9916874885559082,1,1,0.9833749771118163
VFG043423,0.9649363994598389,1,1,0.9298727989196778
VFG045331,0.20617862045764923,0,1,0.5876427590847015
sp|P9WKP1|Y940_MYCTU,0.15377392917871474,0,0,0.6924521416425705
VFG004433,0.9887874245643615,1,1,0.9775748491287231
gi|15926992|ref|NP_374525.1|,0.1212914302945137,0,1,0.7574171394109726
VFG049654,0.8654550075531006,1,1,0.7309100151062011
sp|P52700|BLA1_STEMA,0.06710716113448142,0,0,0.8657856777310371
sp|P53083|MDM34_YEAST,0.007162273349240422,0,0,0.9856754533015192
sp|Q07950|YEH2_YEAST,0.025876248069107533,0,0,0.9482475038617849
sp|L7N6B0|LPQI_MYCTU,0.15621499866247177,0,0,0.6875700026750564
VFG000541,0.9975158452987671,1,1,0.9950316905975343
VFG014792,0.9782257437705993,1,1,0.9564514875411987
sp|P0A0A3|ODPB_STAAU,0.1748691529035568,0,0,0.6502616941928864
gi|17221116|gb|AAK61485.1|,0.3517426818609238,0,1,0.29651463627815244
sp|Q45577|AIMA_BACSU,0.08447435051202774,0,0,0.8310512989759445
VFG023611,0.9999090909957886,1,1,0.9998181819915772
sp|P0CS93|GAOA_GIBZA,0.2150202661752701,0,0,0.5699594676494598
VFG001966,0.9885550737380981,1,1,0.9771101474761963
sp|P12255|FHAB_BORPE,0.9990909099578857,1,0,0.9981818199157715
VFG001388,0.989804482460022,1,1,0.9796089649200439
sp|Q8J2T0|HEXA_ASPOZ,0.04247524850070476,0,0,0.9150495029985904
VFG039555,0.974753201007843,1,1,0.949506402015686
sp|P08877|PTHP_BACSU,0.2408256858587265,0,0,0.518348628282547
VFG037428,0.9930284738540649,1,1,0.9860569477081298
sp|A0A0D1DWZ5|RRM4_USTMA,0.1790339916944504,0,0,0.6419320166110992
VFG038505,0.7970141053199769,1,1,0.5940282106399537
sp|Q9Z4Q7|PRDB_ACESD,0.04094461835920811,0,0,0.9181107632815838
VFG041177,0.37327504754066465,0,1,0.2534499049186707
sp|P0DG80|Y842_STRP3,0.4485678970813751,0,0,0.10286420583724976
VFG010118,0.9649394750595093,1,1,0.9298789501190186
sp|P38858|SOL3_YEAST,0.036801614239811896,0,0,0.9263967715203762
sp|P84848|GHP_HALSE,0.08751129433512687,0,0,0.8249774113297462
sp|P53292|RT35_YEAST,0.0,0,0,1.0
gi|15901469|ref|NP_346073.1|,0.7675110697746277,1,1,0.5350221395492554
VFG043251,0.9914186954498291,1,1,0.9828373908996582
VFG042639,0.9931280970573425,1,1,0.986256194114685
sp|P10726|RPSD_BACSU,0.8565441846847535,1,0,0.7130883693695069
VFG048764,0.9886506080627442,1,1,0.9773012161254884
sp|P33287|PDC_NEUCR,0.05801713578402996,0,0,0.8839657284319401
gi|21909769|ref|NP_664037.1|,0.85215665102005,1,1,0.7043133020401
VFG043389,0.3405409812927246,0,1,0.3189180374145508
sp|P13154|DHLE_GEOSE,0.05818078070878983,0,0,0.8836384385824203
sp|P38622|RCK1_YEAST,0.0651528112590313,0,0,0.8696943774819375
sp|P25579|LRE1_YEAST,0.018793391669169067,0,0,0.9624132166616619
sp|P66815|NPD_STAAM,0.10596510916948318,0,0,0.7880697816610336
sp|P06956|RECR_BPP1,0.17291263341903687,0,0,0.6541747331619263
sp|P47273|Y027_MYCGE,0.39870213270187377,0,0,0.20259573459625246
VFG041954,0.9529486179351807,1,1,0.9058972358703614
VFG043153,0.9980808138847351,1,1,0.9961616277694703
sp|Q9K0U7|PA1_NEIMB,0.67310711145401,1,0,0.34621422290802006
sp|P0C8P4|KYNB_CUPMC,0.03653889615088701,0,0,0.926922207698226
sp|P99172|IDI2_STAAN,0.09766385406255722,0,0,0.8046722918748855
VFG017857,0.5489153414964676,1,1,0.09783068299293518
sp|A0A1L9WLD7|AACUP_ASPA1,0.010224809730425477,0,0,0.979550380539149
sp|P27616|PUR7_YEAST,0.2454887568950653,0,0,0.5090224862098693
sp|P43711|FABH_HAEIN,0.2058485209941864,0,0,0.5883029580116272
sp|Q5AMJ5|PGA53_CANAL,0.12178674340248108,0,0,0.7564265131950378
VFG051920,0.9990909099578857,1,1,0.9981818199157715
sp|Q9A1K3|QUEH_STRP1,0.3222598433494568,0,0,0.3554803133010864
VFG044320,0.7787070274353027,1,1,0.5574140548706055
sp|P0AD03|YEBS_ECOLI,0.1376667484641075,0,0,0.7246665030717849
sp|P24040|NIRS_STUST,0.03430296201258898,0,0,0.931394075974822
gi|153948203|ref|YP_001399668.1|,0.9885029315948486,1,1,0.9770058631896972
fig|83332.12.peg.3470|Rv3111|VBIMycTub87468_3470|,0.1154801957309246,0,1,0.7690396085381508
sp|E9F8M3|SWNK_METRA,0.4156074643135071,0,0,0.16878507137298582
VFG034849,0.9943144083023071,1,1,0.9886288166046142
sp|Q59699|HYDA_PSEPU,0.11589448153972626,0,0,0.7682110369205475
sp|Q70GK9|FLA_STRCT,0.028549804352223873,0,0,0.9429003912955523
sp|A0A1W6I187|CAPS1_SPV1,0.13963642418384553,0,0,0.7207271516323089
VFG022803,0.571186539530754,1,1,0.1423730790615081
sp|O31430|SKFH_BACSU,0.24578831493854522,0,0,0.5084233701229095
sp|P43895|EFTS_THET8,0.00543406349606812,0,0,0.9891318730078638
gi|15642032|ref|NP_231664.1|,0.161294324696064,0,1,0.677411350607872
sp|P40872|PKSM_BACSU,0.1301063269376755,0,0,0.739787346124649
VFG012093,0.8874387860298156,1,1,0.7748775720596313
sp|Q81MQ2|DAPH_BACAN,0.06904260255396366,0,0,0.8619147948920727
sp|Q2FW39|RS9_STAA8,0.011163638764992356,0,0,0.9776727224700152
sp|P44853|SECB_HAEIN,0.2720954418182373,0,0,0.4558091163635254
VFG013439,0.979475486278534,1,1,0.958950972557068
VFG021902,0.8586694717407226,1,1,0.7173389434814452
sp|D4AS41|A7056_ARTBC,0.00543406349606812,0,0,0.9891318730078638
gi|56708221|ref|YP_170117.1|,0.40407455563545225,0,1,0.1918508887290955
sp|Q15JG7|VLDW_STRHL,0.06703941859304904,0,0,0.8659211628139019
gi|161869205|ref|YP_001598371.1|,0.5743802666664124,1,1,0.1487605333328248
sp|P51998|RL4P_YEAST,0.02233138810843229,0,0,0.9553372237831355
sp|P14347|BFRF2_EBVB9,0.21271893680095671,0,0,0.5745621263980866
VFG041361,0.8894616365432739,1,1,0.7789232730865479
sp|P53437|RRN9_YEAST,0.006249992595985532,0,0,0.987500014808029
sp|Q45581|YBBH_BACSU,0.121452197432518,0,0,0.757095605134964
YP_009047208.1,0.2003341943025589,0,1,0.5993316113948822
sp|P12335|AZUR2_METJ,0.064052052795887,0,0,0.871895894408226
sp|P05317|RLA0_YEAST,0.004495606618002057,0,0,0.9910087867639958
VFG049624,0.9985259413719177,1,1,0.9970518827438355
VFG038678,0.9985259413719177,1,1,0.9970518827438355
VFG020191,0.9959285378456115,1,1,0.9918570756912231
gi|533774|gb|AAA53142.1|,0.5001274406909942,1,1,0.000254881381988481
VFG004891,0.9922845005989075,1,1,0.984569001197815
VFG048998,0.9975158452987671,1,1,0.9950316905975343
sp|P25745|MNMA_ECOLI,0.05118867233395576,0,0,0.8976226553320885
fig|169963.11.peg.1042|lmo1014|VBILisMon69206_1042|,0.2590534418821335,0,1,0.48189311623573305
gi|15901387|ref|NP_345991.1|,0.18245047628879546,0,1,0.6350990474224091
VFG011360,0.9975158452987671,1,1,0.9950316905975343
sp|O84173|TRPA_CHLTR,0.24467580020427704,0,0,0.5106483995914459
sp|O31644|MANR_BACSU,0.11981844007968903,0,0,0.760363119840622
VFG047385,0.9250587105751038,1,1,0.8501174211502076
sp|G0SF70|PCNA_CHATD,0.09207970201969147,0,0,0.8158405959606171
sp|P15303|SEC23_YEAST,0.06990241259336472,0,0,0.8601951748132706
sp|Q9HUH4|Y4991_PSEAE,0.34683631658554076,0,0,0.3063273668289185
sp|P9WF37|WHIB6_MYCTU,0.4832926422357559,0,0,0.03341471552848818
sp|Q06675|CENPO_YEAST,0.0024764076340943577,0,0,0.9950471847318113
sp|P0AE65|CHAB_ECO57,0.08211806789040565,0,0,0.8357638642191887
sp|P76540|EUTK_ECOLI,0.05418472997844219,0,0,0.8916305400431156
sp|Q56229|NQO14_THET8,0.0007220216561108827,0,0,0.9985559566877782
VFG030947,0.9839589476585389,1,1,0.9679178953170777
VFG045494,0.9980808138847351,1,1,0.9961616277694703
VFG049902,0.9885550737380981,1,1,0.9771101474761963
sp|P67049|TYSY_STRPN,0.15822701752185822,0,0,0.6835459649562836
gi|218701706|ref|YP_002409335.1|,0.9850079655647278,1,1,0.9700159311294556
sp|Q9RUW8|RO60_DEIRA,0.206370210647583,0,0,0.587259578704834
sp|Q9ZET4|XAMOD_XANP2,0.02524740304797888,0,0,0.9495051939040422
gi|70995221|ref|XP_752374.1|,0.14192346781492232,0,1,0.7161530643701554
sp|O68988|CSMI_CHLTE,0.23253723382949829,0,0,0.5349255323410034
sp|Q3E793|BOL1_YEAST,0.019008100405335425,0,0,0.9619837991893292
VFG042462,0.9967943429946899,1,1,0.9935886859893799
VFG000433,0.9923361301422119,1,1,0.9846722602844238
VFG031079,0.9820178508758545,1,1,0.9640357017517089
sp|P50002|ATPB_ACEWD,0.030508298613131046,0,0,0.9389834027737379
gi|15600324|ref|NP_253818.1|,0.14057695418596267,0,1,0.7188460916280747
gi|15903163|ref|NP_358713.1|,0.513118326663971,1,1,0.026236653327941895
sp|Q8ZMG5|OTNK_SALTY,0.1962745562195778,0,0,0.6074508875608444
sp|P69829|PTSN_ECOLI,0.33996768593788146,0,0,0.3200646281242371
VFG013657,0.9887874245643615,1,1,0.9775748491287231
VFG006970,0.9904372096061707,1,1,0.9808744192123413
sp|P63807|KCY_STAAW,0.15596099197864532,0,0,0.6880780160427094
sp|Q5KUJ4|ATPE_GEOKA,0.02062474563717842,0,0,0.9587505087256432
VFG010082,1.0,1,1,1.0
VFG016378,0.7565024495124817,1,1,0.5130048990249634
sp|O42995|MIS19_SCHPO,0.26228722035884855,0,0,0.4754255592823029
gi|15899994|ref|NP_344598.1|,0.9422448873519897,1,1,0.8844897747039795
VFG008476,0.9895207643508911,1,1,0.9790415287017822
sp|P39487|Y00B_BPT4,0.19828572869300842,0,0,0.6034285426139832
sp|P40339|RFC4_YEAST,0.056229729950428006,0,0,0.887540540099144
sp|P0ACQ4|OXYR_ECOLI,0.19238951355218886,0,0,0.6152209728956223
gi|66275986|ref|YP_233071.1|,0.864369535446167,1,1,0.728739070892334
sp|Q9KTD6|PTHP_VIBCH,0.22858531773090363,0,0,0.5428293645381927
sp|Q57261|TRUD_ECOLI,0.08029832914471627,0,0,0.8394033417105675
sp|Q5M3B3|SERB_STRT2,0.09730512946844101,0,0,0.805389741063118
VFG005803,0.9985259413719177,1,1,0.9970518827438355
VFG014470,0.9973593115806579,1,1,0.9947186231613159
VFG029440,0.8638247489929199,1,1,0.7276494979858399
sp|P39077|TCPG_YEAST,0.08758889585733413,0,0,0.8248222082853317
sp|B8NM66|USTA_ASPFN,0.34872857928276063,0,0,0.30254284143447874
VFG039487,0.1061112716794014,0,1,0.7877774566411972
VFG006595,0.9876742005348206,1,1,0.9753484010696412
VFG007148,0.9952318429946899,1,1,0.9904636859893798
sp|S0DLP1|APF6_GIBF5,0.05297910906374455,0,0,0.8940417818725109
sp|Q7V2C9|RBS_PROMP,0.02763775587081909,0,0,0.9447244882583619
sp|P0AEY3|MAZG_ECOLI,0.13931790739297867,0,0,0.7213641852140427
VFG042116,0.8776568174362183,1,1,0.7553136348724365
sp|P0CY08|MTAL2_YEAST,0.025725329853594305,0,0,0.9485493402928113
VFG038842,0.7025034427642822,1,1,0.40500688552856445
gi|23502506|ref|NP_698633.1|,0.1807432532310486,0,1,0.6385134935379029
gi|23500342|ref|NP_699782.1|,0.48017061948776246,0,1,0.039658761024475075
fig|83332.12.peg.1681|Rv1506c|VBIMycTub87468_1681|,0.4030052721500397,0,1,0.19398945569992065
VFG042899,0.9393959641456604,1,1,0.8787919282913208
sp|P77541|PRPB_ECOLI,0.07181900143623351,0,0,0.8563619971275329
sp|Q99036|MANA_HYPJR,0.009207648457959294,0,0,0.9815847030840814
sp|P46586|HIS1_CANAL,0.05365627445280552,0,0,0.892687451094389
gi|29376338|ref|NP_815492.1|,0.39965062141418456,0,1,0.20069875717163088
VFG011651,0.9799604415893555,1,1,0.9599208831787109
gi|15599310|ref|NP_252804.1|,0.2220051884651184,0,1,0.5559896230697632
VFG000020,0.9826831698417664,1,1,0.9653663396835328
VFG049968,0.19402862787246705,0,1,0.6119427442550659
VFG021893,0.9874858736991883,1,1,0.9749717473983766
sp|Q4H4E3|BTRV_NIACI,0.2031910926103592,0,0,0.5936178147792817
gi|56707711|ref|YP_169607.1|,0.9390762090682984,1,1,0.8781524181365967
sp|P0DUF7|BRXB_ECOHS,0.4455187559127808,0,0,0.10896248817443843
VFG001766,0.9949113368988037,1,1,0.9898226737976075
sp|Q9X0X0|PUR7_THEMA,0.0,0,0,1.0
sp|P63590|AROD_STRP1,0.464862135052681,0,0,0.07027572989463804
VFG019752,0.9985259413719177,1,1,0.9970518827438355
sp|P75987|IRAM_ECOLI,0.4265788018703461,0,0,0.14684239625930784
VFG001905,0.9945590138435364,1,1,0.9891180276870728
VFG041855,0.9933488368988037,1,1,0.9866976737976074
sp|P9WND5|LLDD_MYCTU,0.1405295804142952,0,0,0.7189408391714096
VFG015440,0.9908171892166138,1,1,0.9816343784332275
VFG026523,0.965630829334259,1,1,0.9312616586685181
gi|56583270|ref|NP_040979.2|,0.08673486858606339,0,1,0.8265302628278732
sp|P32953|CYBL_RHOGR,0.029861516505479812,0,0,0.9402769669890404
sp|Q9F2U7|Y4614_STRCO,0.1617548931390047,0,0,0.6764902137219906
VFG016087,0.7281771779060364,1,1,0.45635435581207284
VFG013364,0.999435031414032,1,1,0.998870062828064
VFG043968,0.9881236791610718,1,1,0.9762473583221436
gi|15422177|gb|AAK95859.1|,0.49251333475112913,0,1,0.014973330497741744
VFG038567,0.9923361301422119,1,1,0.9846722602844238
VFG022143,0.991465973854065,1,1,0.98293194770813
gi|123444307|ref|YP_001008274.1|,0.2467342346906662,0,1,0.5065315306186676
sp|Q7A6L9|Y772_STAAN,0.12234892100095748,0,0,0.755302157998085
sp|C0SPB6|SSBB_BACSU,0.029700316861271857,0,0,0.9405993662774563
gi|157159059|ref|YP_001465018.1|,0.34473703503608705,0,1,0.3105259299278259
sp|Q1D098|PILB_MYXXD,0.992284643650055,1,0,0.98456928730011
sp|Q00704|OE66_NPVAC,0.22897055447101594,0,0,0.5420588910579681
sp|Q03362|YD476_YEAST,0.0166806198656559,0,0,0.9666387602686882
VFG022951,0.8677966117858886,1,1,0.7355932235717773
sp|Q06170|YL326_YEAST,0.0458839152008295,0,0,0.908232169598341
sp|O34521|PTWCB_BACSU,0.21648938804864884,0,0,0.5670212239027024
sp|P77247|HXPB_ECOLI,0.06582997664809227,0,0,0.8683400467038155
sp|Q0SFL5|TSDB_RHOJR,0.012061470188200474,0,0,0.975877059623599
VFG007490,0.8557631731033325,1,1,0.711526346206665
VFG043954,0.9910867214202881,1,1,0.9821734428405762
sp|P71350|THIE_HAEIN,0.6101284623146057,1,0,0.22025692462921143
VFG042061,0.9975158452987671,1,1,0.9950316905975343
sp|Q09154|UCRI_SCHPO,0.05472652763128281,0,0,0.8905469447374343
sp|P00437|PCXB_PSEPU,0.10267605483531952,0,0,0.794647890329361
sp|P04407|KITH_HHV23,0.36952338814735414,0,0,0.2609532237052917
sp|P48231|TCB2_YEAST,0.018793391669169067,0,0,0.9624132166616619
sp|Q727C6|RPOC_DESVH,0.032564844377338885,0,0,0.9348703112453223
sp|O74560|RAF2_SCHPO,0.019976131990551947,0,0,0.9600477360188961
gi|70834184|gb|EAN79686.1|,0.11823579221963883,0,1,0.7635284155607224
sp|P80861|YJLD_BACSU,0.11087241172790527,0,0,0.7782551765441894
VFG050294,0.975195848941803,1,1,0.950391697883606
VFG015870,0.903267765045166,1,1,0.8065355300903321
VFG010853,0.9906702876091004,1,1,0.9813405752182007
sp|P45870|RACA_BACSU,0.0017543859779834748,0,0,0.996491228044033
gi|71910063|ref|YP_281613.1|,0.6585328757762909,1,1,0.3170657515525819
sp|O36024|CENPL_SCHPO,0.013541889237239957,0,0,0.97291622152552
gi|126207602|ref|YP_001052827.1|,0.03408074285835028,0,1,0.9318385142832994
VFG031818,0.9985259413719177,1,1,0.9970518827438355
sp|P25357|SNT1_YEAST,0.03281644694507122,0,0,0.9343671061098575
sp|P17952|MURC_ECOLI,0.1685021162033081,0,0,0.6629957675933837
sp|P9WKY5|HAT_MYCTU,0.3542705178260803,0,0,0.29145896434783936
sp|Q8KWS9|BACC_BACAM,0.06139535903930664,0,0,0.8772092819213867
sp|P0A6W9|GSH1_ECOLI,0.3476710617542267,0,0,0.30465787649154663
sp|A0A151V4J3|AA13_PYRO7,0.033251396380364895,0,0,0.9334972072392702
sp|P74596|Y1565_SYNY3,0.07808599770069122,0,0,0.8438280045986175
sp|Q50900|CARH_MYXXA,0.0993415117263794,0,0,0.8013169765472412
VFG002492,0.9975158452987671,1,1,0.9950316905975343
VFG017016,1.0,1,1,1.0
VFG015223,0.9990909099578857,1,1,0.9981818199157715
VFG001901,0.8724660634994507,1,1,0.7449321269989013
VFG041517,0.488694566488266,0,1,0.02261086702346804
VFG042067,0.974002194404602,1,1,0.948004388809204
sp|P24244|APPX_ECOLI,0.03947517052292824,0,0,0.9210496589541435
VFG016440,0.7811676383018493,1,1,0.5623352766036986
VFG000694,0.08059565648436547,0,1,0.8388086870312691
sp|Q7X279|SDGA_STRSQ,0.1410047695040703,0,0,0.7179904609918595
VFG007979,0.9184137105941772,1,1,0.8368274211883544
sp|P37332|BPHF_PARXL,0.0850128710269928,0,0,0.8299742579460144
sp|Q03220|CTL1_YEAST,0.009559264034032821,0,0,0.9808814719319343
sp|A6WE36|XPB_KINRD,0.2044497549533844,0,0,0.5911004900932312
sp|Q46897|CAS6_ECOLI,0.13331149369478226,0,0,0.7333770126104355
sp|C8VI81|PKFB_EMENI,0.0007220216561108827,0,0,0.9985559566877782
VFG005792,0.989804482460022,1,1,0.9796089649200439
gi|71001768|ref|XP_755565.1|,0.13562382012605667,0,1,0.7287523597478867
VFG005243,0.988598895072937,1,1,0.9771977901458739
VFG022883,0.6893839716911316,1,1,0.3787679433822633
sp|Q8GP19|RSSA_SERMA,0.5862180411815643,1,0,0.17243608236312857
sp|Q5SM16|TRMH_THET8,0.00866175820119679,0,0,0.9826764835976064
gi|15901232|ref|NP_345836.1|,0.46457778811454775,0,1,0.0708444237709045
sp|P20371|PCXA_ACIAD,0.05703609809279442,0,0,0.8859278038144112
gi|15800723|ref|NP_286737.1|,0.4350429236888885,0,1,0.12991415262222294
VFG013921,0.9990909099578857,1,1,0.9981818199157715
VFG013770,0.9858568787574769,1,1,0.9717137575149537
sp|B8MKZ4|TSTI_TALSN,0.023109191469848155,0,0,0.9537816170603037
VFG007043,0.9915655970573425,1,1,0.983131194114685
sp|P36533|RM39_YEAST,0.00866175820119679,0,0,0.9826764835976064
VFG041672,0.8391906023025513,1,1,0.6783812046051025
sp|P00091|CYC22_RHOPA,0.014535519108176232,0,0,0.9709289617836475
sp|O54315|BGAL2_THESP,0.003388688387349248,0,0,0.9932226232253015
sp|P19845|NOSY_STUST,0.3756895363330841,0,0,0.2486209273338318
VFG000436,0.9914186954498291,1,1,0.9828373908996582
VFG018416,0.9940455317497253,1,1,0.9880910634994506
VFG043685,0.9782162189483643,1,1,0.9564324378967286
sp|P22823|DHPH_THEIN,0.06335046850144863,0,0,0.8732990629971027
VFG017031,0.9930284738540649,1,1,0.9860569477081298
VFG051372,0.9985259413719177,1,1,0.9970518827438355
sp|S0DRW4|FUB4_GIBF5,0.026404703594744207,0,0,0.9471905928105115
VFG026433,0.1763940542936325,0,1,0.6472118914127349
VFG023115,0.9990909099578857,1,1,0.9981818199157715
sp|A0A0A7HFE6|CSM6B_STRTR,0.16162784844636918,0,0,0.6767443031072616
sp|P23796|RIT1_YEAST,0.018793391669169067,0,0,0.9624132166616619
VFG040474,0.9971633791923523,1,1,0.9943267583847046
sp|P0ABH7|CISY_ECOLI,0.028549804352223873,0,0,0.9429003912955523
VFG024784,0.8471981406211853,1,1,0.6943962812423705
sp|P32862|RGT1_YEAST,0.04309334736317396,0,0,0.9138133052736521
VFG028093,0.9975158452987671,1,1,0.9950316905975343
VFG042852,1.0,1,1,1.0
sp|P80369|OMP2_GLAPU,0.2689188480377197,0,0,0.4621623039245606
VFG045355,0.9939939022064209,1,1,0.9879878044128418
sp|P36106|BYE1_YEAST,0.0378696633502841,0,0,0.9242606732994318
fig|155864.8.peg.4549|Z5131|VBIEscCol44059_4549|,0.9975158452987671,1,1,0.9950316905975343
sp|P19736|PRP9_YEAST,0.020435635186731815,0,0,0.9591287296265364
sp|Q50303|RL6_MYCPN,0.05310764610767364,0,0,0.8937847077846527
sp|Q8SVL5|Y551_ENCCU,0.038398118875920775,0,0,0.9232037622481585
sp|P38314|SDS24_YEAST,0.059583836048841474,0,0,0.880832327902317
VFG038571,0.9933488368988037,1,1,0.9866976737976074
sp|P39432|NCPP_SALTY,0.0729610301554203,0,0,0.8540779396891593
sp|Q3E7Z1|YN146_YEAST,0.17215563356876373,0,0,0.6556887328624725
sp|P80866|SUFC_BACSU,0.135907843708992,0,0,0.728184312582016
VFG044361,0.9399511456489563,1,1,0.8799022912979126
sp|Q9QJ27|TRX2_HHV6Z,0.14125350266695022,0,0,0.7174929946660995
sp|Q10343|AAKG_SCHPO,0.05924394018948078,0,0,0.8815121196210385
sp|Q12546|PPA_ASPFI,0.09538504406809807,0,0,0.8092299118638039
sp|B2B403|LP9F_PODAN,0.019291001791134476,0,0,0.9614179964177311
VFG002077,0.9425429940223694,1,1,0.8850859880447388
VFG047453,0.7158786654472351,1,1,0.4317573308944702
VFG005998,0.9455213785171509,1,1,0.8910427570343018
VFG033793,0.9885029315948486,1,1,0.9770058631896972
gi|799326790|ref|XP_012049134.1|,0.061583837121725084,0,1,0.8768323257565498
sp|A0A097ZPE4|ANDK_EMEVA,0.008205982903018594,0,0,0.9835880341939628
VFG041040,0.9975158452987671,1,1,0.9950316905975343
sp|P0ACL5|GLCC_ECOLI,0.1955475777387619,0,0,0.6089048445224762
sp|Q836J0|MURI_ENTFA,0.07063097953796386,0,0,0.8587380409240722
VFG006342,0.9959285378456115,1,1,0.9918570756912231
VFG043320,0.9975158452987671,1,1,0.9950316905975343
sp|O31467|TATAD_BACSU,0.2512432813644409,0,0,0.4975134372711182
gi|24113836|ref|NP_708346.1|,0.5915650844573974,1,1,0.18313016891479483
sp|P60492|RL21_THET8,0.0,0,0,1.0
VFG013962,0.9931280970573425,1,1,0.986256194114685
sp|Q04814|YM86_YEAST,0.03307836875319481,0,0,0.9338432624936104
sp|P16666|IBMP_CAMVB,0.03350610211491585,0,0,0.9329877957701683
VFG041154,0.9569443821907043,1,1,0.9138887643814086
VFG038458,0.9906702876091004,1,1,0.9813405752182007
sp|P48565|PALH_YEAST,0.020435635186731815,0,0,0.9591287296265364
gi|15801015|ref|NP_287031.1|,0.972855269908905,1,1,0.9457105398178101
VFG002040,0.9805843114852906,1,1,0.9611686229705811
sp|P45073|LPTB_HAEIN,0.5365193605422973,1,0,0.07303872108459464
sp|P78759|2AD2_SCHPO,0.003710376285016537,0,0,0.992579247429967
VFG014279,0.9939234375953674,1,1,0.9878468751907348
sp|Q9P4R5|CREC_EMENI,0.06344902440905571,0,0,0.8731019511818886
gi|23502261|ref|NP_698388.1|,0.44777432084083557,0,1,0.10445135831832886
sp|O66586|Y211_AQUAE,0.04826486743986606,0,0,0.9034702651202678
sp|Q5BEJ7|AFOD_EMENI,0.011307403678074479,0,0,0.977385192643851
VFG015212,0.9915655970573425,1,1,0.983131194114685
VFG038280,0.9799256205558777,1,1,0.9598512411117555
sp|P81594|CPRA_DESHD,0.09815348982810974,0,0,0.8036930203437805
VFG005966,0.9092482566833496,1,1,0.8184965133666993
sp|P53604|MSO1_YEAST,0.05453079044818878,0,0,0.8909384191036225
sp|A0A348HAX9|PHID_FUNX7,0.11284115761518479,0,0,0.7743176847696305
sp|Q2JJF6|VKOR_SYNJB,0.07625001817941665,0,0,0.8474999636411666
VFG037969,0.493038547039032,0,1,0.013922905921936013
sp|Q7WUL3|NAG3_CELFI,0.059353867545723915,0,0,0.8812922649085522
sp|P24242|ASCG_ECOLI,0.3515942096710205,0,0,0.296811580657959
VFG041310,0.9967943429946899,1,1,0.9935886859893799
sp|Q9USM3|SFH1_SCHPO,0.05427616536617279,0,0,0.8914476692676544
gi|799335321|ref|XP_012050956.1|,0.17153241932392121,0,1,0.6569351613521576
sp|P87074|RHP9_SCHPO,0.0024764076340943577,0,0,0.9950471847318113
sp|Q55707|VIPP1_SYNY3,0.027539594285190105,0,0,0.9449208114296198
VFG041905,0.988934326171875,1,1,0.9778686523437501
sp|Q5BEJ5|AFOF_EMENI,0.0024764076340943577,0,0,0.9950471847318113
sp|Q89GE3|NITR1_BRADU,0.009897303627803921,0,0,0.9802053927443921
sp|P9WFY1|TRPA_MYCTU,0.10273486822843551,0,0,0.794530263543129
VFG027878,0.9990909099578857,1,1,0.9981818199157715
VFG038972,0.9958769083023071,1,1,0.9917538166046143
VFG037860,0.9847160458564759,1,1,0.9694320917129517
sp|P60053|ALF1_PORGI,0.1209102600812912,0,0,0.7581794798374176
VFG006968,0.9887874245643615,1,1,0.9775748491287231
VFG001760,0.9787014484405517,1,1,0.9574028968811035
sp|F1SY77|CY081_POSPM,0.0007220216561108827,0,0,0.9985559566877782
VFG015311,0.9904016375541687,1,1,0.9808032751083373
sp|O42661|SMD1_SCHPO,0.03512656558305025,0,0,0.9297468688338995
sp|P49785|SP3AH_BACSU,0.22625805735588073,0,0,0.5474838852882385
VFG041381,0.9975158452987671,1,1,0.9950316905975343
VFG041144,0.989804482460022,1,1,0.9796089649200439
sp|Q2KBP5|BIOM_RHIEC,0.14227784276008607,0,0,0.7154443144798279
VFG001962,0.9854711651802063,1,1,0.9709423303604126
VFG037978,0.9864580988883972,1,1,0.9729161977767944
sp|Q8ZRS2|CUEO_SALTY,0.21869875490665436,0,0,0.5626024901866913
sp|Q04006|UPS3_YEAST,0.02858921345323324,0,0,0.9428215730935335
sp|Q8GND0|ARGR_STRGC,0.2205428123474121,0,0,0.5589143753051757
VFG048971,0.9852086901664734,1,1,0.9704173803329468
VFG040973,0.9858568787574769,1,1,0.9717137575149537
sp|G9MAP1|CLAHY_LACPN,0.027539594285190105,0,0,0.9449208114296198
sp|Q04279|SEG1_YEAST,0.026255229162052272,0,0,0.9474895416758955
gi|89256162|ref|YP_513524.1|,0.6556735336780548,1,1,0.3113470673561096
VFG002160,0.3106286823749542,0,1,0.37874263525009155
VFG002352,0.9967943429946899,1,1,0.9935886859893799
VFG015888,0.14146866798400878,0,1,0.7170626640319824
sp|P0DX74|CAPW_PSEAI,0.23478363156318666,0,0,0.5304327368736267
VFG004542,0.9663570880889892,1,1,0.9327141761779785
sp|P15245|PHHY_CUTCT,0.03733006976544857,0,0,0.9253398604691029
sp|Q9UTL4|GWT1_SCHPO,0.08202763423323631,0,0,0.8359447315335273
sp|P45416|KDGK_DICD3,0.09670237451791763,0,0,0.8065952509641647
sp|P9WMA7|Y007_MYCTU,0.5089896023273468,1,0,0.017979204654693604
sp|E2NPN0|METAA_CATMR,0.1555289477109909,0,0,0.6889421045780182
sp|Q9URX6|RL31_SCHPO,0.0007220216561108827,0,0,0.9985559566877782
VFG037496,0.9862257480621338,1,1,0.9724514961242676
sp|F9ULM5|KHPB_LACPL,0.11344626843929291,0,0,0.7731074631214142
VFG041677,0.9941675066947937,1,1,0.9883350133895874
sp|A0A1D8PM75|RL30_CANAL,0.05930229425430298,0,0,0.881395411491394
sp|P23295|NOR_FUSOX,0.034598110057413575,0,0,0.9308037798851728
VFG015180,0.9949113368988037,1,1,0.9898226737976075
sp|P15266|NDK_MYXXA,0.1549607440829277,0,0,0.6900785118341446
sp|P9WPM5|CP137_MYCTU,0.08208014369010926,0,0,0.8358397126197815
sp|P37554|SPOVT_BACSU,0.08554500937461854,0,0,0.828909981250763
VFG039467,0.9458644270896912,1,1,0.8917288541793824
VFG047033,0.9851655244827271,1,1,0.9703310489654542
sp|Q2YQ23|NQOR_BRUA2,0.04450025036931038,0,0,0.9109994992613792
sp|Q7MGG3|RIBXA_VIBVY,0.2449761688709259,0,0,0.5100476622581482
sp|Q6CTI2|CENPA_KLULA,0.04877887405455113,0,0,0.9024422518908978
sp|P40302|PSA6_YEAST,0.07648734897375106,0,0,0.8470253020524978
sp|Q9HZ59|HUTGL_PSEAE,0.17183884978294373,0,0,0.6563223004341125
VFG002159,0.7216326117515564,1,1,0.4432652235031127
sp|P31330|CY553_DESNO,0.013036034256219863,0,0,0.9739279314875603
VFG037924,0.7244628310203552,1,1,0.4489256620407105
sp|P19584|AMYB_THETU,0.040316170826554296,0,0,0.9193676583468914
sp|O67379|DIPPS_AQUAE,0.05547231212258339,0,0,0.8890553757548332
sp|P03654|VGK_BPG4,0.5854405045509339,1,0,0.17088100910186776
VFG048757,0.9975158452987671,1,1,0.9950316905975343
sp|G2TRN4|ERH_SCHPO,0.08835063576698303,0,0,0.8232987284660339
VFG045299,0.992052149772644,1,1,0.984104299545288
sp|P27457|LIGE_SPHSK,0.07825001925230027,0,0,0.8434999614953995
sp|A0R0W2|CYSH_MYCS2,0.21989917755126953,0,0,0.5602016448974609
